"01101","01","北海道","札幌市中央区","サッポロシチュウオウク"
"01102","01","北海道","札幌市北区","サッポロシキタク"
"01103","01","北海道","札幌市東区","サッポロシヒガシク"
"01104","01","北海道","札幌市白石区","サッポロシシロイシク"
"01105","01","北海道","札幌市豊平区","サッポロシトヨヒラク"
"01106","01","北海道","札幌市南区","サッポロシミナミク"
"01107","01","北海道","札幌市西区","サッポロシニシク"
"01108","01","北海道","札幌市厚別区","サッポロシアツベツク"
"01109","01","北海道","札幌市手稲区","サッポロシテイネク"
"01110","01","北海道","札幌市清田区","サッポロシキヨタク"
"01202","01","北海道","函館市","ハコダテシ"
"01203","01","北海道","小樽市","オタルシ"
"01204","01","北海道","旭川市","アサヒカワシ"
"01205","01","北海道","室蘭市","ムロランシ"
"01206","01","北海道","釧路市","クシロシ"
"01207","01","北海道","帯広市","オビヒロシ"
"01208","01","北海道","北見市","キタミシ"
"01209","01","北海道","夕張市","ユウバリシ"
"01210","01","北海道","岩見沢市","イワミザワシ"
"01211","01","北海道","網走市","アバシリシ"
"01212","01","北海道","留萌市","ルモイシ"
"01213","01","北海道","苫小牧市","トマコマイシ"
"01214","01","北海道","稚内市","ワッカナイシ"
"01215","01","北海道","美唄市","ビバイシ"
"01216","01","北海道","芦別市","アシベツシ"
"01217","01","北海道","江別市","エベツシ"
"01218","01","北海道","赤平市","アカビラシ"
"01219","01","北海道","紋別市","モンベツシ"
"01220","01","北海道","士別市","シベツシ"
"01221","01","北海道","名寄市","ナヨロシ"
"01222","01","北海道","三笠市","ミカサシ"
"01223","01","北海道","根室市","ネムロシ"
"01224","01","北海道","千歳市","チトセシ"
"01225","01","北海道","滝川市","タキカワシ"
"01226","01","北海道","砂川市","スナガワシ"
"01227","01","北海道","歌志内市","ウタシナイシ"
"01228","01","北海道","深川市","フカガワシ"
"01229","01","北海道","富良野市","フラノシ"
"01230","01","北海道","登別市","ノボリベツシ"
"01231","01","北海道","恵庭市","エニワシ"
"01233","01","北海道","伊達市","ダテシ"
"01234","01","北海道","北広島市","キタヒロシマシ"
"01235","01","北海道","石狩市","イシカリシ"
"01236","01","北海道","北斗市","ホクトシ"
"01303","01","北海道","石狩郡当別町","イシカリグントウベツチョウ"
"01304","01","北海道","石狩郡新篠津村","イシカリグンシンシノツムラ"
"01331","01","北海道","松前郡松前町","マツマエグンマツマエチョウ"
"01332","01","北海道","松前郡福島町","マツマエグンフクシマチョウ"
"01333","01","北海道","上磯郡知内町","カミイソグンシリウチチョウ"
"01334","01","北海道","上磯郡木古内町","カミイソグンキコナイチョウ"
"01337","01","北海道","亀田郡七飯町","カメダグンナナエチョウ"
"01343","01","北海道","茅部郡鹿部町","カヤベグンシカベチョウ"
"01345","01","北海道","茅部郡森町","カヤベグンモリマチ"
"01346","01","北海道","二海郡八雲町","フタミグンヤクモチョウ"
"01347","01","北海道","山越郡長万部町","ヤマコシグンオシャマンベチョウ"
"01361","01","北海道","檜山郡江差町","ヒヤマグンエサシチョウ"
"01362","01","北海道","檜山郡上ノ国町","ヒヤマグンカミノクニチョウ"
"01363","01","北海道","檜山郡厚沢部町","ヒヤマグンアッサブチョウ"
"01364","01","北海道","爾志郡乙部町","ニシグンオトベチョウ"
"01367","01","北海道","奥尻郡奥尻町","オクシリグンオクシリチョウ"
"01370","01","北海道","瀬棚郡今金町","セタナグンイマカネチョウ"
"01371","01","北海道","久遠郡せたな町","クドウグンセタナチョウ"
"01391","01","北海道","島牧郡島牧村","シママキグンシママキムラ"
"01392","01","北海道","寿都郡寿都町","スッツグンスッツチョウ"
"01393","01","北海道","寿都郡黒松内町","スッツグンクロマツナイチョウ"
"01394","01","北海道","磯谷郡蘭越町","イソヤグンランコシチョウ"
"01395","01","北海道","虻田郡ニセコ町","アブタグンニセコチョウ"
"01396","01","北海道","虻田郡真狩村","アブタグンマッカリムラ"
"01397","01","北海道","虻田郡留寿都村","アブタグンルスツムラ"
"01398","01","北海道","虻田郡喜茂別町","アブタグンキモベツチョウ"
"01399","01","北海道","虻田郡京極町","アブタグンキョウゴクチョウ"
"01400","01","北海道","虻田郡倶知安町","アブタグンクッチャンチョウ"
"01401","01","北海道","岩内郡共和町","イワナイグンキョウワチョウ"
"01402","01","北海道","岩内郡岩内町","イワナイグンイワナイチョウ"
"01403","01","北海道","古宇郡泊村","フルウグントマリムラ"
"01404","01","北海道","古宇郡神恵内村","フルウグンカモエナイムラ"
"01405","01","北海道","積丹郡積丹町","シャコタングンシャコタンチョウ"
"01406","01","北海道","古平郡古平町","フルビラグンフルビラチョウ"
"01407","01","北海道","余市郡仁木町","ヨイチグンニキチョウ"
"01408","01","北海道","余市郡余市町","ヨイチグンヨイチチョウ"
"01409","01","北海道","余市郡赤井川村","ヨイチグンアカイガワムラ"
"01423","01","北海道","空知郡南幌町","ソラチグンナンポロチョウ"
"01424","01","北海道","空知郡奈井江町","ソラチグンナイエチョウ"
"01425","01","北海道","空知郡上砂川町","ソラチグンカミスナガワチョウ"
"01427","01","北海道","夕張郡由仁町","ユウバリグンユニチョウ"
"01428","01","北海道","夕張郡長沼町","ユウバリグンナガヌマチョウ"
"01429","01","北海道","夕張郡栗山町","ユウバリグンクリヤマチョウ"
"01430","01","北海道","樺戸郡月形町","カバトグンツキガタチョウ"
"01431","01","北海道","樺戸郡浦臼町","カバトグンウラウスチョウ"
"01432","01","北海道","樺戸郡新十津川町","カバトグンシントツカワチョウ"
"01433","01","北海道","雨竜郡妹背牛町","ウリュウグンモセウシチョウ"
"01434","01","北海道","雨竜郡秩父別町","ウリュウグンチップベツチョウ"
"01436","01","北海道","雨竜郡雨竜町","ウリュウグンウリュウチョウ"
"01437","01","北海道","雨竜郡北竜町","ウリュウグンホクリュウチョウ"
"01438","01","北海道","雨竜郡沼田町","ウリュウグンヌマタチョウ"
"01439","01","北海道","雨竜郡幌加内町","ウリュウグンホロカナイチョウ"
"01452","01","北海道","上川郡鷹栖町","カミカワグンタカスチョウ"
"01453","01","北海道","上川郡東神楽町","カミカワグンヒガシカグラチョウ"
"01454","01","北海道","上川郡当麻町","カミカワグントウマチョウ"
"01455","01","北海道","上川郡比布町","カミカワグンピップチョウ"
"01456","01","北海道","上川郡愛別町","カミカワグンアイベツチョウ"
"01457","01","北海道","上川郡上川町","カミカワグンカミカワチョウ"
"01458","01","北海道","上川郡東川町","カミカワグンヒガシカワチョウ"
"01459","01","北海道","上川郡美瑛町","カミカワグンビエイチョウ"
"01460","01","北海道","空知郡上富良野町","ソラチグンカミフラノチョウ"
"01461","01","北海道","空知郡中富良野町","ソラチグンナカフラノチョウ"
"01462","01","北海道","空知郡南富良野町","ソラチグンミナミフラノチョウ"
"01463","01","北海道","勇払郡占冠村","ユウフツグンシムカップムラ"
"01464","01","北海道","上川郡和寒町","カミカワグンワッサムチョウ"
"01465","01","北海道","上川郡剣淵町","カミカワグンケンブチチョウ"
"01468","01","北海道","上川郡下川町","カミカワグンシモカワチョウ"
"01469","01","北海道","中川郡美深町","ナカガワグンビフカチョウ"
"01470","01","北海道","中川郡音威子府村","ナカガワグンオトイネップムラ"
"01471","01","北海道","中川郡中川町","ナカガワグンナカガワチョウ"
"01481","01","北海道","増毛郡増毛町","マシケグンマシケチョウ"
"01482","01","北海道","留萌郡小平町","ルモイグンオビラチョウ"
"01483","01","北海道","苫前郡苫前町","トママエグントママエチョウ"
"01484","01","北海道","苫前郡羽幌町","トママエグンハボロチョウ"
"01485","01","北海道","苫前郡初山別村","トママエグンショサンベツムラ"
"01486","01","北海道","天塩郡遠別町","テシオグンエンベツチョウ"
"01487","01","北海道","天塩郡天塩町","テシオグンテシオチョウ"
"01488","01","北海道","天塩郡幌延町","テシオグンホロノベチョウ"
"01511","01","北海道","宗谷郡猿払村","ソウヤグンサルフツムラ"
"01512","01","北海道","枝幸郡浜頓別町","エサシグンハマトンベツチョウ"
"01513","01","北海道","枝幸郡中頓別町","エサシグンナカトンベツチョウ"
"01514","01","北海道","枝幸郡枝幸町","エサシグンエサシチョウ"
"01516","01","北海道","天塩郡豊富町","テシオグントヨトミチョウ"
"01517","01","北海道","礼文郡礼文町","レブングンレブンチョウ"
"01518","01","北海道","利尻郡利尻町","リシリグンリシリチョウ"
"01519","01","北海道","利尻郡利尻富士町","リシリグンリシリフジチョウ"
"01543","01","北海道","網走郡美幌町","アバシリグンビホロチョウ"
"01544","01","北海道","網走郡津別町","アバシリグンツベツチョウ"
"01545","01","北海道","斜里郡斜里町","シャリグンシャリチョウ"
"01546","01","北海道","斜里郡清里町","シャリグンキヨサトチョウ"
"01547","01","北海道","斜里郡小清水町","シャリグンコシミズチョウ"
"01549","01","北海道","常呂郡訓子府町","トコログンクンネップチョウ"
"01550","01","北海道","常呂郡置戸町","トコログンオケトチョウ"
"01552","01","北海道","常呂郡佐呂間町","トコログンサロマチョウ"
"01555","01","北海道","紋別郡遠軽町","モンベツグンエンガルチョウ"
"01558","01","北海道","紋別郡上湧別町","モンベツグンカミユウベツチョウ"
"01559","01","北海道","紋別郡湧別町","モンベツグンユウベツチョウ"
"01560","01","北海道","紋別郡滝上町","モンベツグンタキノウエチョウ"
"01561","01","北海道","紋別郡興部町","モンベツグンオコッペチョウ"
"01562","01","北海道","紋別郡西興部村","モンベツグンニシオコッペムラ"
"01563","01","北海道","紋別郡雄武町","モンベツグンオウムチョウ"
"01564","01","北海道","網走郡大空町","アバシリグンオオゾラチョウ"
"01571","01","北海道","虻田郡豊浦町","アブタグントヨウラチョウ"
"01575","01","北海道","有珠郡壮瞥町","ウスグンソウベツチョウ"
"01578","01","北海道","白老郡白老町","シラオイグンシラオイチョウ"
"01581","01","北海道","勇払郡厚真町","ユウフツグンアツマチョウ"
"01584","01","北海道","虻田郡洞爺湖町","アブタグントウヤコチョウ"
"01585","01","北海道","勇払郡安平町","ユウフツグンアビラチョウ"
"01586","01","北海道","勇払郡むかわ町","ユウフツグンムカワチョウ"
"01601","01","北海道","沙流郡日高町","サルグンヒダカチョウ"
"01602","01","北海道","沙流郡平取町","サルグンビラトリチョウ"
"01604","01","北海道","新冠郡新冠町","ニイカップグンニイカップチョウ"
"01607","01","北海道","浦河郡浦河町","ウラカワグンウラカワチョウ"
"01608","01","北海道","様似郡様似町","サマニグンサマニチョウ"
"01609","01","北海道","幌泉郡えりも町","ホロイズミグンエリモチョウ"
"01610","01","北海道","日高郡新ひだか町","ヒダカグンシンヒダカチョウ"
"01631","01","北海道","河東郡音更町","カトウグンオトフケチョウ"
"01632","01","北海道","河東郡士幌町","カトウグンシホロチョウ"
"01633","01","北海道","河東郡上士幌町","カトウグンカミシホロチョウ"
"01634","01","北海道","河東郡鹿追町","カトウグンシカオイチョウ"
"01635","01","北海道","上川郡新得町","カミカワグンシントクチョウ"
"01636","01","北海道","上川郡清水町","カミカワグンシミズチョウ"
"01637","01","北海道","河西郡芽室町","カサイグンメムロチョウ"
"01638","01","北海道","河西郡中札内村","カサイグンナカサツナイムラ"
"01639","01","北海道","河西郡更別村","カサイグンサラベツムラ"
"01641","01","北海道","広尾郡大樹町","ヒロオグンタイキチョウ"
"01642","01","北海道","広尾郡広尾町","ヒロオグンヒロオチョウ"
"01643","01","北海道","中川郡幕別町","ナカガワグンマクベツチョウ"
"01644","01","北海道","中川郡池田町","ナカガワグンイケダチョウ"
"01645","01","北海道","中川郡豊頃町","ナカガワグントヨコロチョウ"
"01646","01","北海道","中川郡本別町","ナカガワグンホンベツチョウ"
"01647","01","北海道","足寄郡足寄町","アショログンアショロチョウ"
"01648","01","北海道","足寄郡陸別町","アショログンリクベツチョウ"
"01649","01","北海道","十勝郡浦幌町","トカチグンウラホロチョウ"
"01661","01","北海道","釧路郡釧路町","クシログンクシロチョウ"
"01662","01","北海道","厚岸郡厚岸町","アッケシグンアッケシチョウ"
"01663","01","北海道","厚岸郡浜中町","アッケシグンハマナカチョウ"
"01664","01","北海道","川上郡標茶町","カワカミグンシベチャチョウ"
"01665","01","北海道","川上郡弟子屈町","カワカミグンテシカガチョウ"
"01667","01","北海道","阿寒郡鶴居村","アカングンツルイムラ"
"01668","01","北海道","白糠郡白糠町","シラヌカグンシラヌカチョウ"
"01691","01","北海道","野付郡別海町","ノツケグンベツカイチョウ"
"01692","01","北海道","標津郡中標津町","シベツグンナカシベツチョウ"
"01693","01","北海道","標津郡標津町","シベツグンシベツチョウ"
"01694","01","北海道","目梨郡羅臼町","メナシグンラウスチョウ"
"02201","02","青森県","青森市","アオモリシ"
"02202","02","青森県","弘前市","ヒロサキシ"
"02203","02","青森県","八戸市","ハチノヘシ"
"02204","02","青森県","黒石市","クロイシシ"
"02205","02","青森県","五所川原市","ゴショガワラシ"
"02206","02","青森県","十和田市","トワダシ"
"02207","02","青森県","三沢市","ミサワシ"
"02208","02","青森県","むつ市","ムツシ"
"02209","02","青森県","つがる市","ツガルシ"
"02210","02","青森県","平川市","ヒラカワシ"
"02301","02","青森県","東津軽郡平内町","ヒガシツガルグンヒラナイマチ"
"02303","02","青森県","東津軽郡今別町","ヒガシツガルグンイマベツマチ"
"02304","02","青森県","東津軽郡蓬田村","ヒガシツガルグンヨモギタムラ"
"02307","02","青森県","東津軽郡外ヶ浜町","ヒガシツガルグンソトガハママチ"
"02321","02","青森県","西津軽郡鰺ヶ沢町","ニシツガルグンアジガサワマチ"
"02323","02","青森県","西津軽郡深浦町","ニシツガルグンフカウラマチ"
"02343","02","青森県","中津軽郡西目屋村","ナカツガルグンニシメヤムラ"
"02361","02","青森県","南津軽郡藤崎町","ミナミツガルグンフジサキマチ"
"02362","02","青森県","南津軽郡大鰐町","ミナミツガルグンオオワニマチ"
"02367","02","青森県","南津軽郡田舎館村","ミナミツガルグンイナカダテムラ"
"02381","02","青森県","北津軽郡板柳町","キタツガルグンイタヤナギマチ"
"02384","02","青森県","北津軽郡鶴田町","キタツガルグンツルタマチ"
"02387","02","青森県","北津軽郡中泊町","キタツガルグンナカドマリマチ"
"02401","02","青森県","上北郡野辺地町","カミキタグンノヘジマチ"
"02402","02","青森県","上北郡七戸町","カミキタグンシチノヘマチ"
"02405","02","青森県","上北郡六戸町","カミキタグンロクノヘマチ"
"02406","02","青森県","上北郡横浜町","カミキタグンヨコハママチ"
"02408","02","青森県","上北郡東北町","カミキタグントウホクマチ"
"02411","02","青森県","上北郡六ヶ所村","カミキタグンロッカショムラ"
"02412","02","青森県","上北郡おいらせ町","カミキタグンオイラセチョウ"
"02423","02","青森県","下北郡大間町","シモキタグンオオママチ"
"02424","02","青森県","下北郡東通村","シモキタグンヒガシドオリムラ"
"02425","02","青森県","下北郡風間浦村","シモキタグンカザマウラムラ"
"02426","02","青森県","下北郡佐井村","シモキタグンサイムラ"
"02441","02","青森県","三戸郡三戸町","サンノヘグンサンノヘマチ"
"02442","02","青森県","三戸郡五戸町","サンノヘグンゴノヘマチ"
"02443","02","青森県","三戸郡田子町","サンノヘグンタッコマチ"
"02445","02","青森県","三戸郡南部町","サンノヘグンナンブチョウ"
"02446","02","青森県","三戸郡階上町","サンノヘグンハシカミチョウ"
"02450","02","青森県","三戸郡新郷村","サンノヘグンシンゴウムラ"
"03201","03","岩手県","盛岡市","モリオカシ"
"03202","03","岩手県","宮古市","ミヤコシ"
"03203","03","岩手県","大船渡市","オオフナトシ"
"03205","03","岩手県","花巻市","ハナマキシ"
"03206","03","岩手県","北上市","キタカミシ"
"03207","03","岩手県","久慈市","クジシ"
"03208","03","岩手県","遠野市","トオノシ"
"03209","03","岩手県","一関市","イチノセキシ"
"03210","03","岩手県","陸前高田市","リクゼンタカタシ"
"03211","03","岩手県","釜石市","カマイシシ"
"03213","03","岩手県","二戸市","ニノヘシ"
"03214","03","岩手県","八幡平市","ハチマンタイシ"
"03215","03","岩手県","奥州市","オウシュウシ"
"03301","03","岩手県","岩手郡雫石町","イワテグンシズクイシチョウ"
"03302","03","岩手県","岩手郡葛巻町","イワテグンクズマキマチ"
"03303","03","岩手県","岩手郡岩手町","イワテグンイワテマチ"
"03305","03","岩手県","岩手郡滝沢村","イワテグンタキザワムラ"
"03321","03","岩手県","紫波郡紫波町","シワグンシワチョウ"
"03322","03","岩手県","紫波郡矢巾町","シワグンヤハバチョウ"
"03366","03","岩手県","和賀郡西和賀町","ワガグンニシワガマチ"
"03381","03","岩手県","胆沢郡金ケ崎町","イサワグンカネガサキチョウ"
"03402","03","岩手県","西磐井郡平泉町","ニシイワイグンヒライズミチョウ"
"03422","03","岩手県","東磐井郡藤沢町","ヒガシイワイグンフジサワチョウ"
"03441","03","岩手県","気仙郡住田町","ケセングンスミタチョウ"
"03461","03","岩手県","上閉伊郡大槌町","カミヘイグンオオツチチョウ"
"03482","03","岩手県","下閉伊郡山田町","シモヘイグンヤマダマチ"
"03483","03","岩手県","下閉伊郡岩泉町","シモヘイグンイワイズミチョウ"
"03484","03","岩手県","下閉伊郡田野畑村","シモヘイグンタノハタムラ"
"03485","03","岩手県","下閉伊郡普代村","シモヘイグンフダイムラ"
"03487","03","岩手県","下閉伊郡川井村","シモヘイグンカワイムラ"
"03501","03","岩手県","九戸郡軽米町","クノヘグンカルマイマチ"
"03503","03","岩手県","九戸郡野田村","クノヘグンノダムラ"
"03506","03","岩手県","九戸郡九戸村","クノヘグンクノヘムラ"
"03507","03","岩手県","九戸郡洋野町","クノヘグンヒロノチョウ"
"03524","03","岩手県","二戸郡一戸町","ニノヘグンイチノヘマチ"
"04101","04","宮城県","仙台市青葉区","センダイシアオバク"
"04102","04","宮城県","仙台市宮城野区","センダイシミヤギノク"
"04103","04","宮城県","仙台市若林区","センダイシワカバヤシク"
"04104","04","宮城県","仙台市太白区","センダイシタイハクク"
"04105","04","宮城県","仙台市泉区","センダイシイズミク"
"04202","04","宮城県","石巻市","イシノマキシ"
"04203","04","宮城県","塩竈市","シオガマシ"
"04205","04","宮城県","気仙沼市","ケセンヌマシ"
"04206","04","宮城県","白石市","シロイシシ"
"04207","04","宮城県","名取市","ナトリシ"
"04208","04","宮城県","角田市","カクダシ"
"04209","04","宮城県","多賀城市","タガジョウシ"
"04211","04","宮城県","岩沼市","イワヌマシ"
"04212","04","宮城県","登米市","トメシ"
"04213","04","宮城県","栗原市","クリハラシ"
"04214","04","宮城県","東松島市","ヒガシマツシマシ"
"04215","04","宮城県","大崎市","オオサキシ"
"04301","04","宮城県","刈田郡蔵王町","カッタグンザオウマチ"
"04302","04","宮城県","刈田郡七ヶ宿町","カッタグンシチカシュクマチ"
"04321","04","宮城県","柴田郡大河原町","シバタグンオオガワラマチ"
"04322","04","宮城県","柴田郡村田町","シバタグンムラタマチ"
"04323","04","宮城県","柴田郡柴田町","シバタグンシバタマチ"
"04324","04","宮城県","柴田郡川崎町","シバタグンカワサキマチ"
"04341","04","宮城県","伊具郡丸森町","イググンマルモリマチ"
"04361","04","宮城県","亘理郡亘理町","ワタリグンワタリチョウ"
"04362","04","宮城県","亘理郡山元町","ワタリグンヤマモトチョウ"
"04401","04","宮城県","宮城郡松島町","ミヤギグンマツシママチ"
"04404","04","宮城県","宮城郡七ヶ浜町","ミヤギグンシチガハママチ"
"04406","04","宮城県","宮城郡利府町","ミヤギグンリフチョウ"
"04421","04","宮城県","黒川郡大和町","クロカワグンタイワチョウ"
"04422","04","宮城県","黒川郡大郷町","クロカワグンオオサトチョウ"
"04423","04","宮城県","黒川郡富谷町","クロカワグントミヤマチ"
"04424","04","宮城県","黒川郡大衡村","クロカワグンオオヒラムラ"
"04444","04","宮城県","加美郡色麻町","カミグンシカマチョウ"
"04445","04","宮城県","加美郡加美町","カミグンカミマチ"
"04501","04","宮城県","遠田郡涌谷町","トオダグンワクヤチョウ"
"04505","04","宮城県","遠田郡美里町","トオダグンミサトマチ"
"04581","04","宮城県","牡鹿郡女川町","オシカグンオナガワチョウ"
"04603","04","宮城県","本吉郡本吉町","モトヨシグンモトヨシチョウ"
"04606","04","宮城県","本吉郡南三陸町","モトヨシグンミナミサンリクチョウ"
"05201","05","秋田県","秋田市","アキタシ"
"05202","05","秋田県","能代市","ノシロシ"
"05203","05","秋田県","横手市","ヨコテシ"
"05204","05","秋田県","大館市","オオダテシ"
"05206","05","秋田県","男鹿市","オガシ"
"05207","05","秋田県","湯沢市","ユザワシ"
"05209","05","秋田県","鹿角市","カヅノシ"
"05210","05","秋田県","由利本荘市","ユリホンジョウシ"
"05211","05","秋田県","潟上市","カタガミシ"
"05212","05","秋田県","大仙市","ダイセンシ"
"05213","05","秋田県","北秋田市","キタアキタシ"
"05214","05","秋田県","にかほ市","ニカホシ"
"05215","05","秋田県","仙北市","センボクシ"
"05303","05","秋田県","鹿角郡小坂町","カヅノグンコサカマチ"
"05327","05","秋田県","北秋田郡上小阿仁村","キタアキタグンカミコアニムラ"
"05346","05","秋田県","山本郡藤里町","ヤマモトグンフジサトマチ"
"05348","05","秋田県","山本郡三種町","ヤマモトグンミタネチョウ"
"05349","05","秋田県","山本郡八峰町","ヤマモトグンハッポウチョウ"
"05361","05","秋田県","南秋田郡五城目町","ミナミアキタグンゴジョウメマチ"
"05363","05","秋田県","南秋田郡八郎潟町","ミナミアキタグンハチロウガタマチ"
"05366","05","秋田県","南秋田郡井川町","ミナミアキタグンイカワマチ"
"05368","05","秋田県","南秋田郡大潟村","ミナミアキタグンオオガタムラ"
"05434","05","秋田県","仙北郡美郷町","センボクグンミサトチョウ"
"05463","05","秋田県","雄勝郡羽後町","オガチグンウゴマチ"
"05464","05","秋田県","雄勝郡東成瀬村","オガチグンヒガシナルセムラ"
"06201","06","山形県","山形市","ヤマガタシ"
"06202","06","山形県","米沢市","ヨネザワシ"
"06203","06","山形県","鶴岡市","ツルオカシ"
"06204","06","山形県","酒田市","サカタシ"
"06205","06","山形県","新庄市","シンジョウシ"
"06206","06","山形県","寒河江市","サガエシ"
"06207","06","山形県","上山市","カミノヤマシ"
"06208","06","山形県","村山市","ムラヤマシ"
"06209","06","山形県","長井市","ナガイシ"
"06210","06","山形県","天童市","テンドウシ"
"06211","06","山形県","東根市","ヒガシネシ"
"06212","06","山形県","尾花沢市","オバナザワシ"
"06213","06","山形県","南陽市","ナンヨウシ"
"06301","06","山形県","東村山郡山辺町","ヒガシムラヤマグンヤマノベマチ"
"06302","06","山形県","東村山郡中山町","ヒガシムラヤマグンナカヤママチ"
"06321","06","山形県","西村山郡河北町","ニシムラヤマグンカホクチョウ"
"06322","06","山形県","西村山郡西川町","ニシムラヤマグンニシカワマチ"
"06323","06","山形県","西村山郡朝日町","ニシムラヤマグンアサヒマチ"
"06324","06","山形県","西村山郡大江町","ニシムラヤマグンオオエマチ"
"06341","06","山形県","北村山郡大石田町","キタムラヤマグンオオイシダマチ"
"06361","06","山形県","最上郡金山町","モガミグンカネヤママチ"
"06362","06","山形県","最上郡最上町","モガミグンモガミマチ"
"06363","06","山形県","最上郡舟形町","モガミグンフナガタマチ"
"06364","06","山形県","最上郡真室川町","モガミグンマムロガワマチ"
"06365","06","山形県","最上郡大蔵村","モガミグンオオクラムラ"
"06366","06","山形県","最上郡鮭川村","モガミグンサケガワムラ"
"06367","06","山形県","最上郡戸沢村","モガミグントザワムラ"
"06381","06","山形県","東置賜郡高畠町","ヒガシオキタマグンタカハタマチ"
"06382","06","山形県","東置賜郡川西町","ヒガシオキタマグンカワニシマチ"
"06401","06","山形県","西置賜郡小国町","ニシオキタマグンオグニマチ"
"06402","06","山形県","西置賜郡白鷹町","ニシオキタマグンシラタカマチ"
"06403","06","山形県","西置賜郡飯豊町","ニシオキタマグンイイデマチ"
"06426","06","山形県","東田川郡三川町","ヒガシタガワグンミカワマチ"
"06428","06","山形県","東田川郡庄内町","ヒガシタガワグンショウナイマチ"
"06461","06","山形県","飽海郡遊佐町","アクミグンユザマチ"
"07201","07","福島県","福島市","フクシマシ"
"07202","07","福島県","会津若松市","アイヅワカマツシ"
"07203","07","福島県","郡山市","コオリヤマシ"
"07204","07","福島県","いわき市","イワキシ"
"07205","07","福島県","白河市","シラカワシ"
"07207","07","福島県","須賀川市","スカガワシ"
"07208","07","福島県","喜多方市","キタカタシ"
"07209","07","福島県","相馬市","ソウマシ"
"07210","07","福島県","二本松市","ニホンマツシ"
"07211","07","福島県","田村市","タムラシ"
"07212","07","福島県","南相馬市","ミナミソウマシ"
"07213","07","福島県","伊達市","ダテシ"
"07214","07","福島県","本宮市","モトミヤシ"
"07301","07","福島県","伊達郡桑折町","ダテグンコオリマチ"
"07303","07","福島県","伊達郡国見町","ダテグンクニミマチ"
"07308","07","福島県","伊達郡川俣町","ダテグンカワマタマチ"
"07322","07","福島県","安達郡大玉村","アダチグンオオタマムラ"
"07342","07","福島県","岩瀬郡鏡石町","イワセグンカガミイシマチ"
"07344","07","福島県","岩瀬郡天栄村","イワセグンテンエイムラ"
"07362","07","福島県","南会津郡下郷町","ミナミアイヅグンシモゴウマチ"
"07364","07","福島県","南会津郡檜枝岐村","ミナミアイヅグンヒノエマタムラ"
"07367","07","福島県","南会津郡只見町","ミナミアイヅグンタダミマチ"
"07368","07","福島県","南会津郡南会津町","ミナミアイヅグンミナミアイヅマチ"
"07402","07","福島県","耶麻郡北塩原村","ヤマグンキタシオバラムラ"
"07405","07","福島県","耶麻郡西会津町","ヤマグンニシアイヅマチ"
"07407","07","福島県","耶麻郡磐梯町","ヤマグンバンダイマチ"
"07408","07","福島県","耶麻郡猪苗代町","ヤマグンイナワシロマチ"
"07421","07","福島県","河沼郡会津坂下町","カワヌマグンアイヅバンゲマチ"
"07422","07","福島県","河沼郡湯川村","カワヌマグンユガワムラ"
"07423","07","福島県","河沼郡柳津町","カワヌマグンヤナイヅマチ"
"07444","07","福島県","大沼郡三島町","オオヌマグンミシママチ"
"07445","07","福島県","大沼郡金山町","オオヌマグンカネヤママチ"
"07446","07","福島県","大沼郡昭和村","オオヌマグンショウワムラ"
"07447","07","福島県","大沼郡会津美里町","オオヌマグンアイヅミサトマチ"
"07461","07","福島県","西白河郡西郷村","ニシシラカワグンニシゴウムラ"
"07464","07","福島県","西白河郡泉崎村","ニシシラカワグンイズミザキムラ"
"07465","07","福島県","西白河郡中島村","ニシシラカワグンナカジマムラ"
"07466","07","福島県","西白河郡矢吹町","ニシシラカワグンヤブキマチ"
"07481","07","福島県","東白川郡棚倉町","ヒガシシラカワグンタナグラマチ"
"07482","07","福島県","東白川郡矢祭町","ヒガシシラカワグンヤマツリマチ"
"07483","07","福島県","東白川郡塙町","ヒガシシラカワグンハナワマチ"
"07484","07","福島県","東白川郡鮫川村","ヒガシシラカワグンサメガワムラ"
"07501","07","福島県","石川郡石川町","イシカワグンイシカワマチ"
"07502","07","福島県","石川郡玉川村","イシカワグンタマカワムラ"
"07503","07","福島県","石川郡平田村","イシカワグンヒラタムラ"
"07504","07","福島県","石川郡浅川町","イシカワグンアサカワマチ"
"07505","07","福島県","石川郡古殿町","イシカワグンフルドノマチ"
"07521","07","福島県","田村郡三春町","タムラグンミハルマチ"
"07522","07","福島県","田村郡小野町","タムラグンオノマチ"
"07541","07","福島県","双葉郡広野町","フタバグンヒロノマチ"
"07542","07","福島県","双葉郡楢葉町","フタバグンナラハマチ"
"07543","07","福島県","双葉郡富岡町","フタバグントミオカマチ"
"07544","07","福島県","双葉郡川内村","フタバグンカワウチムラ"
"07545","07","福島県","双葉郡大熊町","フタバグンオオクママチ"
"07546","07","福島県","双葉郡双葉町","フタバグンフタバマチ"
"07547","07","福島県","双葉郡浪江町","フタバグンナミエマチ"
"07548","07","福島県","双葉郡葛尾村","フタバグンカツラオムラ"
"07561","07","福島県","相馬郡新地町","ソウマグンシンチマチ"
"07564","07","福島県","相馬郡飯舘村","ソウマグンイイタテムラ"
"08201","08","茨城県","水戸市","ミトシ"
"08202","08","茨城県","日立市","ヒタチシ"
"08203","08","茨城県","土浦市","ツチウラシ"
"08204","08","茨城県","古河市","コガシ"
"08205","08","茨城県","石岡市","イシオカシ"
"08207","08","茨城県","結城市","ユウキシ"
"08208","08","茨城県","龍ケ崎市","リュウガサキシ"
"08210","08","茨城県","下妻市","シモツマシ"
"08211","08","茨城県","常総市","ジョウソウシ"
"08212","08","茨城県","常陸太田市","ヒタチオオタシ"
"08214","08","茨城県","高萩市","タカハギシ"
"08215","08","茨城県","北茨城市","キタイバラキシ"
"08216","08","茨城県","笠間市","カサマシ"
"08217","08","茨城県","取手市","トリデシ"
"08219","08","茨城県","牛久市","ウシクシ"
"08220","08","茨城県","つくば市","ツクバシ"
"08221","08","茨城県","ひたちなか市","ヒタチナカシ"
"08222","08","茨城県","鹿嶋市","カシマシ"
"08223","08","茨城県","潮来市","イタコシ"
"08224","08","茨城県","守谷市","モリヤシ"
"08225","08","茨城県","常陸大宮市","ヒタチオオミヤシ"
"08226","08","茨城県","那珂市","ナカシ"
"08227","08","茨城県","筑西市","チクセイシ"
"08228","08","茨城県","坂東市","バンドウシ"
"08229","08","茨城県","稲敷市","イナシキシ"
"08230","08","茨城県","かすみがうら市","カスミガウラシ"
"08231","08","茨城県","桜川市","サクラガワシ"
"08232","08","茨城県","神栖市","カミスシ"
"08233","08","茨城県","行方市","ナメガタシ"
"08234","08","茨城県","鉾田市","ホコタシ"
"08235","08","茨城県","つくばみらい市","ツクバミライシ"
"08236","08","茨城県","小美玉市","オミタマシ"
"08302","08","茨城県","東茨城郡茨城町","ヒガシイバラキグンイバラキマチ"
"08309","08","茨城県","東茨城郡大洗町","ヒガシイバラキグンオオアライマチ"
"08310","08","茨城県","東茨城郡城里町","ヒガシイバラキグンシロサトマチ"
"08341","08","茨城県","那珂郡東海村","ナカグントウカイムラ"
"08364","08","茨城県","久慈郡大子町","クジグンダイゴマチ"
"08442","08","茨城県","稲敷郡美浦村","イナシキグンミホムラ"
"08443","08","茨城県","稲敷郡阿見町","イナシキグンアミマチ"
"08447","08","茨城県","稲敷郡河内町","イナシキグンカワチマチ"
"08521","08","茨城県","結城郡八千代町","ユウキグンヤチヨマチ"
"08542","08","茨城県","猿島郡五霞町","サシマグンゴカマチ"
"08546","08","茨城県","猿島郡境町","サシマグンサカイマチ"
"08564","08","茨城県","北相馬郡利根町","キタソウマグントネマチ"
"09201","09","栃木県","宇都宮市","ウツノミヤシ"
"09202","09","栃木県","足利市","アシカガシ"
"09203","09","栃木県","栃木市","トチギシ"
"09204","09","栃木県","佐野市","サノシ"
"09205","09","栃木県","鹿沼市","カヌマシ"
"09206","09","栃木県","日光市","ニッコウシ"
"09208","09","栃木県","小山市","オヤマシ"
"09209","09","栃木県","真岡市","モオカシ"
"09210","09","栃木県","大田原市","オオタワラシ"
"09211","09","栃木県","矢板市","ヤイタシ"
"09213","09","栃木県","那須塩原市","ナスシオバラシ"
"09214","09","栃木県","さくら市","サクラシ"
"09215","09","栃木県","那須烏山市","ナスカラスヤマシ"
"09216","09","栃木県","下野市","シモツケシ"
"09301","09","栃木県","河内郡上三川町","カワチグンカミノカワマチ"
"09321","09","栃木県","上都賀郡西方町","カミツガグンニシカタマチ"
"09342","09","栃木県","芳賀郡益子町","ハガグンマシコマチ"
"09343","09","栃木県","芳賀郡茂木町","ハガグンモテギマチ"
"09344","09","栃木県","芳賀郡市貝町","ハガグンイチカイマチ"
"09345","09","栃木県","芳賀郡芳賀町","ハガグンハガマチ"
"09361","09","栃木県","下都賀郡壬生町","シモツガグンミブマチ"
"09364","09","栃木県","下都賀郡野木町","シモツガグンノギマチ"
"09365","09","栃木県","下都賀郡大平町","シモツガグンオオヒラマチ"
"09366","09","栃木県","下都賀郡藤岡町","シモツガグンフジオカマチ"
"09367","09","栃木県","下都賀郡岩舟町","シモツガグンイワフネマチ"
"09368","09","栃木県","下都賀郡都賀町","シモツガグンツガマチ"
"09384","09","栃木県","塩谷郡塩谷町","シオヤグンシオヤマチ"
"09386","09","栃木県","塩谷郡高根沢町","シオヤグンタカネザワマチ"
"09407","09","栃木県","那須郡那須町","ナスグンナスマチ"
"09411","09","栃木県","那須郡那珂川町","ナスグンナカガワマチ"
"10201","10","群馬県","前橋市","マエバシシ"
"10202","10","群馬県","高崎市","タカサキシ"
"10203","10","群馬県","桐生市","キリュウシ"
"10204","10","群馬県","伊勢崎市","イセサキシ"
"10205","10","群馬県","太田市","オオタシ"
"10206","10","群馬県","沼田市","ヌマタシ"
"10207","10","群馬県","館林市","タテバヤシシ"
"10208","10","群馬県","渋川市","シブカワシ"
"10209","10","群馬県","藤岡市","フジオカシ"
"10210","10","群馬県","富岡市","トミオカシ"
"10211","10","群馬県","安中市","アンナカシ"
"10212","10","群馬県","みどり市","ミドリシ"
"10344","10","群馬県","北群馬郡榛東村","キタグンマグンシントウムラ"
"10345","10","群馬県","北群馬郡吉岡町","キタグンマグンヨシオカマチ"
"10366","10","群馬県","多野郡上野村","タノグンウエノムラ"
"10367","10","群馬県","多野郡神流町","タノグンカンナマチ"
"10382","10","群馬県","甘楽郡下仁田町","カンラグンシモニタマチ"
"10383","10","群馬県","甘楽郡南牧村","カンラグンナンモクムラ"
"10384","10","群馬県","甘楽郡甘楽町","カンラグンカンラマチ"
"10421","10","群馬県","吾妻郡中之条町","アガツマグンナカノジョウマチ"
"10424","10","群馬県","吾妻郡長野原町","アガツマグンナガノハラマチ"
"10425","10","群馬県","吾妻郡嬬恋村","アガツマグンツマゴイムラ"
"10426","10","群馬県","吾妻郡草津町","アガツマグンクサツマチ"
"10427","10","群馬県","吾妻郡六合村","アガツマグンクニムラ"
"10428","10","群馬県","吾妻郡高山村","アガツマグンタカヤマムラ"
"10429","10","群馬県","吾妻郡東吾妻町","アガツマグンヒガシアガツママチ"
"10443","10","群馬県","利根郡片品村","トネグンカタシナムラ"
"10444","10","群馬県","利根郡川場村","トネグンカワバムラ"
"10448","10","群馬県","利根郡昭和村","トネグンショウワムラ"
"10449","10","群馬県","利根郡みなかみ町","トネグンミナカミマチ"
"10464","10","群馬県","佐波郡玉村町","サワグンタマムラマチ"
"10521","10","群馬県","邑楽郡板倉町","オウラグンイタクラマチ"
"10522","10","群馬県","邑楽郡明和町","オウラグンメイワマチ"
"10523","10","群馬県","邑楽郡千代田町","オウラグンチヨダマチ"
"10524","10","群馬県","邑楽郡大泉町","オウラグンオオイズミマチ"
"10525","10","群馬県","邑楽郡邑楽町","オウラグンオウラマチ"
"11101","11","埼玉県","さいたま市西区","サイタマシニシク"
"11102","11","埼玉県","さいたま市北区","サイタマシキタク"
"11103","11","埼玉県","さいたま市大宮区","サイタマシオオミヤク"
"11104","11","埼玉県","さいたま市見沼区","サイタマシミヌマク"
"11105","11","埼玉県","さいたま市中央区","サイタマシチュウオウク"
"11106","11","埼玉県","さいたま市桜区","サイタマシサクラク"
"11107","11","埼玉県","さいたま市浦和区","サイタマシウラワク"
"11108","11","埼玉県","さいたま市南区","サイタマシミナミク"
"11109","11","埼玉県","さいたま市緑区","サイタマシミドリク"
"11110","11","埼玉県","さいたま市岩槻区","サイタマシイワツキク"
"11201","11","埼玉県","川越市","カワゴエシ"
"11202","11","埼玉県","熊谷市","クマガヤシ"
"11203","11","埼玉県","川口市","カワグチシ"
"11206","11","埼玉県","行田市","ギョウダシ"
"11207","11","埼玉県","秩父市","チチブシ"
"11208","11","埼玉県","所沢市","トコロザワシ"
"11209","11","埼玉県","飯能市","ハンノウシ"
"11210","11","埼玉県","加須市","カゾシ"
"11211","11","埼玉県","本庄市","ホンジョウシ"
"11212","11","埼玉県","東松山市","ヒガシマツヤマシ"
"11214","11","埼玉県","春日部市","カスカベシ"
"11215","11","埼玉県","狭山市","サヤマシ"
"11216","11","埼玉県","羽生市","ハニュウシ"
"11217","11","埼玉県","鴻巣市","コウノスシ"
"11218","11","埼玉県","深谷市","フカヤシ"
"11219","11","埼玉県","上尾市","アゲオシ"
"11221","11","埼玉県","草加市","ソウカシ"
"11222","11","埼玉県","越谷市","コシガヤシ"
"11223","11","埼玉県","蕨市","ワラビシ"
"11224","11","埼玉県","戸田市","トダシ"
"11225","11","埼玉県","入間市","イルマシ"
"11226","11","埼玉県","鳩ケ谷市","ハトガヤシ"
"11227","11","埼玉県","朝霞市","アサカシ"
"11228","11","埼玉県","志木市","シキシ"
"11229","11","埼玉県","和光市","ワコウシ"
"11230","11","埼玉県","新座市","ニイザシ"
"11231","11","埼玉県","桶川市","オケガワシ"
"11232","11","埼玉県","久喜市","クキシ"
"11233","11","埼玉県","北本市","キタモトシ"
"11234","11","埼玉県","八潮市","ヤシオシ"
"11235","11","埼玉県","富士見市","フジミシ"
"11237","11","埼玉県","三郷市","ミサトシ"
"11238","11","埼玉県","蓮田市","ハスダシ"
"11239","11","埼玉県","坂戸市","サカドシ"
"11240","11","埼玉県","幸手市","サッテシ"
"11241","11","埼玉県","鶴ヶ島市","ツルガシマシ"
"11242","11","埼玉県","日高市","ヒダカシ"
"11243","11","埼玉県","吉川市","ヨシカワシ"
"11245","11","埼玉県","ふじみ野市","フジミノシ"
"11301","11","埼玉県","北足立郡伊奈町","キタアダチグンイナマチ"
"11324","11","埼玉県","入間郡三芳町","イルマグンミヨシマチ"
"11326","11","埼玉県","入間郡毛呂山町","イルマグンモロヤママチ"
"11327","11","埼玉県","入間郡越生町","イルマグンオゴセマチ"
"11341","11","埼玉県","比企郡滑川町","ヒキグンナメガワマチ"
"11342","11","埼玉県","比企郡嵐山町","ヒキグンランザンマチ"
"11343","11","埼玉県","比企郡小川町","ヒキグンオガワマチ"
"11346","11","埼玉県","比企郡川島町","ヒキグンカワジママチ"
"11347","11","埼玉県","比企郡吉見町","ヒキグンヨシミマチ"
"11348","11","埼玉県","比企郡鳩山町","ヒキグンハトヤママチ"
"11349","11","埼玉県","比企郡ときがわ町","ヒキグントキガワマチ"
"11361","11","埼玉県","秩父郡横瀬町","チチブグンヨコゼマチ"
"11362","11","埼玉県","秩父郡皆野町","チチブグンミナノマチ"
"11363","11","埼玉県","秩父郡長瀞町","チチブグンナガトロマチ"
"11365","11","埼玉県","秩父郡小鹿野町","チチブグンオガノマチ"
"11369","11","埼玉県","秩父郡東秩父村","チチブグンヒガシチチブムラ"
"11381","11","埼玉県","児玉郡美里町","コダマグンミサトマチ"
"11383","11","埼玉県","児玉郡神川町","コダマグンカミカワマチ"
"11385","11","埼玉県","児玉郡上里町","コダマグンカミサトマチ"
"11408","11","埼玉県","大里郡寄居町","オオサトグンヨリイマチ"
"11421","11","埼玉県","北埼玉郡騎西町","キタサイタマグンキサイマチ"
"11424","11","埼玉県","北埼玉郡北川辺町","キタサイタマグンキタカワベマチ"
"11425","11","埼玉県","北埼玉郡大利根町","キタサイタマグンオオトネマチ"
"11442","11","埼玉県","南埼玉郡宮代町","ミナミサイタマグンミヤシロマチ"
"11445","11","埼玉県","南埼玉郡白岡町","ミナミサイタマグンシラオカマチ"
"11446","11","埼玉県","南埼玉郡菖蒲町","ミナミサイタマグンショウブマチ"
"11461","11","埼玉県","北葛飾郡栗橋町","キタカツシカグンクリハシマチ"
"11462","11","埼玉県","北葛飾郡鷲宮町","キタカツシカグンワシミヤマチ"
"11464","11","埼玉県","北葛飾郡杉戸町","キタカツシカグンスギトマチ"
"11465","11","埼玉県","北葛飾郡松伏町","キタカツシカグンマツブシマチ"
"12101","12","千葉県","千葉市中央区","チバシチュウオウク"
"12102","12","千葉県","千葉市花見川区","チバシハナミガワク"
"12103","12","千葉県","千葉市稲毛区","チバシイナゲク"
"12104","12","千葉県","千葉市若葉区","チバシワカバク"
"12105","12","千葉県","千葉市緑区","チバシミドリク"
"12106","12","千葉県","千葉市美浜区","チバシミハマク"
"12202","12","千葉県","銚子市","チョウシシ"
"12203","12","千葉県","市川市","イチカワシ"
"12204","12","千葉県","船橋市","フナバシシ"
"12205","12","千葉県","館山市","タテヤマシ"
"12206","12","千葉県","木更津市","キサラヅシ"
"12207","12","千葉県","松戸市","マツドシ"
"12208","12","千葉県","野田市","ノダシ"
"12210","12","千葉県","茂原市","モバラシ"
"12211","12","千葉県","成田市","ナリタシ"
"12212","12","千葉県","佐倉市","サクラシ"
"12213","12","千葉県","東金市","トウガネシ"
"12215","12","千葉県","旭市","アサヒシ"
"12216","12","千葉県","習志野市","ナラシノシ"
"12217","12","千葉県","柏市","カシワシ"
"12218","12","千葉県","勝浦市","カツウラシ"
"12219","12","千葉県","市原市","イチハラシ"
"12220","12","千葉県","流山市","ナガレヤマシ"
"12221","12","千葉県","八千代市","ヤチヨシ"
"12222","12","千葉県","我孫子市","アビコシ"
"12223","12","千葉県","鴨川市","カモガワシ"
"12224","12","千葉県","鎌ケ谷市","カマガヤシ"
"12225","12","千葉県","君津市","キミツシ"
"12226","12","千葉県","富津市","フッツシ"
"12227","12","千葉県","浦安市","ウラヤスシ"
"12228","12","千葉県","四街道市","ヨツカイドウシ"
"12229","12","千葉県","袖ケ浦市","ソデガウラシ"
"12230","12","千葉県","八街市","ヤチマタシ"
"12231","12","千葉県","印西市","インザイシ"
"12232","12","千葉県","白井市","シロイシ"
"12233","12","千葉県","富里市","トミサトシ"
"12234","12","千葉県","南房総市","ミナミボウソウシ"
"12235","12","千葉県","匝瑳市","ソウサシ"
"12236","12","千葉県","香取市","カトリシ"
"12237","12","千葉県","山武市","サンムシ"
"12238","12","千葉県","いすみ市","イスミシ"
"12322","12","千葉県","印旛郡酒々井町","インバグンシスイマチ"
"12325","12","千葉県","印旛郡印旛村","インバグンインバムラ"
"12328","12","千葉県","印旛郡本埜村","インバグンモトノムラ"
"12329","12","千葉県","印旛郡栄町","インバグンサカエマチ"
"12342","12","千葉県","香取郡神崎町","カトリグンコウザキマチ"
"12347","12","千葉県","香取郡多古町","カトリグンタコマチ"
"12349","12","千葉県","香取郡東庄町","カトリグントウノショウマチ"
"12402","12","千葉県","山武郡大網白里町","サンブグンオオアミシラサトマチ"
"12403","12","千葉県","山武郡九十九里町","サンブグンクジュウクリマチ"
"12409","12","千葉県","山武郡芝山町","サンブグンシバヤママチ"
"12410","12","千葉県","山武郡横芝光町","サンブグンヨコシバヒカリマチ"
"12421","12","千葉県","長生郡一宮町","チョウセイグンイチノミヤマチ"
"12422","12","千葉県","長生郡睦沢町","チョウセイグンムツザワマチ"
"12423","12","千葉県","長生郡長生村","チョウセイグンチョウセイムラ"
"12424","12","千葉県","長生郡白子町","チョウセイグンシラコマチ"
"12426","12","千葉県","長生郡長柄町","チョウセイグンナガラマチ"
"12427","12","千葉県","長生郡長南町","チョウセイグンチョウナンマチ"
"12441","12","千葉県","夷隅郡大多喜町","イスミグンオオタキマチ"
"12443","12","千葉県","夷隅郡御宿町","イスミグンオンジュクマチ"
"12463","12","千葉県","安房郡鋸南町","アワグンキョナンマチ"
"13101","13","東京都","千代田区","チヨダク"
"13102","13","東京都","中央区","チュウオウク"
"13103","13","東京都","港区","ミナトク"
"13104","13","東京都","新宿区","シンジュクク"
"13105","13","東京都","文京区","ブンキョウク"
"13106","13","東京都","台東区","タイトウク"
"13107","13","東京都","墨田区","スミダク"
"13108","13","東京都","江東区","コウトウク"
"13109","13","東京都","品川区","シナガワク"
"13110","13","東京都","目黒区","メグロク"
"13111","13","東京都","大田区","オオタク"
"13112","13","東京都","世田谷区","セタガヤク"
"13113","13","東京都","渋谷区","シブヤク"
"13114","13","東京都","中野区","ナカノク"
"13115","13","東京都","杉並区","スギナミク"
"13116","13","東京都","豊島区","トシマク"
"13117","13","東京都","北区","キタク"
"13118","13","東京都","荒川区","アラカワク"
"13119","13","東京都","板橋区","イタバシク"
"13120","13","東京都","練馬区","ネリマク"
"13121","13","東京都","足立区","アダチク"
"13122","13","東京都","葛飾区","カツシカク"
"13123","13","東京都","江戸川区","エドガワク"
"13201","13","東京都","八王子市","ハチオウジシ"
"13202","13","東京都","立川市","タチカワシ"
"13203","13","東京都","武蔵野市","ムサシノシ"
"13204","13","東京都","三鷹市","ミタカシ"
"13205","13","東京都","青梅市","オウメシ"
"13206","13","東京都","府中市","フチュウシ"
"13207","13","東京都","昭島市","アキシマシ"
"13208","13","東京都","調布市","チョウフシ"
"13209","13","東京都","町田市","マチダシ"
"13210","13","東京都","小金井市","コガネイシ"
"13211","13","東京都","小平市","コダイラシ"
"13212","13","東京都","日野市","ヒノシ"
"13213","13","東京都","東村山市","ヒガシムラヤマシ"
"13214","13","東京都","国分寺市","コクブンジシ"
"13215","13","東京都","国立市","クニタチシ"
"13218","13","東京都","福生市","フッサシ"
"13219","13","東京都","狛江市","コマエシ"
"13220","13","東京都","東大和市","ヒガシヤマトシ"
"13221","13","東京都","清瀬市","キヨセシ"
"13222","13","東京都","東久留米市","ヒガシクルメシ"
"13223","13","東京都","武蔵村山市","ムサシムラヤマシ"
"13224","13","東京都","多摩市","タマシ"
"13225","13","東京都","稲城市","イナギシ"
"13227","13","東京都","羽村市","ハムラシ"
"13228","13","東京都","あきる野市","アキルノシ"
"13229","13","東京都","西東京市","ニシトウキョウシ"
"13303","13","東京都","西多摩郡瑞穂町","ニシタマグンミズホマチ"
"13305","13","東京都","西多摩郡日の出町","ニシタマグンヒノデマチ"
"13307","13","東京都","西多摩郡檜原村","ニシタマグンヒノハラムラ"
"13308","13","東京都","西多摩郡奥多摩町","ニシタマグンオクタママチ"
"13361","13","東京都","大島町","オオシママチ"
"13362","13","東京都","利島村","トシマムラ"
"13363","13","東京都","新島村","ニイジマムラ"
"13364","13","東京都","神津島村","コウヅシマムラ"
"13381","13","東京都","三宅島三宅村","ミヤケジマミヤケムラ"
"13382","13","東京都","御蔵島村","ミクラジマムラ"
"13401","13","東京都","八丈島八丈町","ハチジョウジマハチジョウマチ"
"13402","13","東京都","青ヶ島村","アオガシマムラ"
"13421","13","東京都","小笠原村","オガサワラムラ"
"14101","14","神奈川県","横浜市鶴見区","ヨコハマシツルミク"
"14102","14","神奈川県","横浜市神奈川区","ヨコハマシカナガワク"
"14103","14","神奈川県","横浜市西区","ヨコハマシニシク"
"14104","14","神奈川県","横浜市中区","ヨコハマシナカク"
"14105","14","神奈川県","横浜市南区","ヨコハマシミナミク"
"14106","14","神奈川県","横浜市保土ケ谷区","ヨコハマシホドガヤク"
"14107","14","神奈川県","横浜市磯子区","ヨコハマシイソゴク"
"14108","14","神奈川県","横浜市金沢区","ヨコハマシカナザワク"
"14109","14","神奈川県","横浜市港北区","ヨコハマシコウホクク"
"14110","14","神奈川県","横浜市戸塚区","ヨコハマシトツカク"
"14111","14","神奈川県","横浜市港南区","ヨコハマシコウナンク"
"14112","14","神奈川県","横浜市旭区","ヨコハマシアサヒク"
"14113","14","神奈川県","横浜市緑区","ヨコハマシミドリク"
"14114","14","神奈川県","横浜市瀬谷区","ヨコハマシセヤク"
"14115","14","神奈川県","横浜市栄区","ヨコハマシサカエク"
"14116","14","神奈川県","横浜市泉区","ヨコハマシイズミク"
"14117","14","神奈川県","横浜市青葉区","ヨコハマシアオバク"
"14118","14","神奈川県","横浜市都筑区","ヨコハマシツヅキク"
"14131","14","神奈川県","川崎市川崎区","カワサキシカワサキク"
"14132","14","神奈川県","川崎市幸区","カワサキシサイワイク"
"14133","14","神奈川県","川崎市中原区","カワサキシナカハラク"
"14134","14","神奈川県","川崎市高津区","カワサキシタカツク"
"14135","14","神奈川県","川崎市多摩区","カワサキシタマク"
"14136","14","神奈川県","川崎市宮前区","カワサキシミヤマエク"
"14137","14","神奈川県","川崎市麻生区","カワサキシアサオク"
"14201","14","神奈川県","横須賀市","ヨコスカシ"
"14203","14","神奈川県","平塚市","ヒラツカシ"
"14204","14","神奈川県","鎌倉市","カマクラシ"
"14205","14","神奈川県","藤沢市","フジサワシ"
"14206","14","神奈川県","小田原市","オダワラシ"
"14207","14","神奈川県","茅ヶ崎市","チガサキシ"
"14208","14","神奈川県","逗子市","ズシシ"
"14209","14","神奈川県","相模原市","サガミハラシ"
"14210","14","神奈川県","三浦市","ミウラシ"
"14211","14","神奈川県","秦野市","ハダノシ"
"14212","14","神奈川県","厚木市","アツギシ"
"14213","14","神奈川県","大和市","ヤマトシ"
"14214","14","神奈川県","伊勢原市","イセハラシ"
"14215","14","神奈川県","海老名市","エビナシ"
"14216","14","神奈川県","座間市","ザマシ"
"14217","14","神奈川県","南足柄市","ミナミアシガラシ"
"14218","14","神奈川県","綾瀬市","アヤセシ"
"14301","14","神奈川県","三浦郡葉山町","ミウラグンハヤママチ"
"14321","14","神奈川県","高座郡寒川町","コウザグンサムカワマチ"
"14341","14","神奈川県","中郡大磯町","ナカグンオオイソマチ"
"14342","14","神奈川県","中郡二宮町","ナカグンニノミヤマチ"
"14361","14","神奈川県","足柄上郡中井町","アシガラカミグンナカイマチ"
"14362","14","神奈川県","足柄上郡大井町","アシガラカミグンオオイマチ"
"14363","14","神奈川県","足柄上郡松田町","アシガラカミグンマツダマチ"
"14364","14","神奈川県","足柄上郡山北町","アシガラカミグンヤマキタマチ"
"14366","14","神奈川県","足柄上郡開成町","アシガラカミグンカイセイマチ"
"14382","14","神奈川県","足柄下郡箱根町","アシガラシモグンハコネマチ"
"14383","14","神奈川県","足柄下郡真鶴町","アシガラシモグンマナヅルマチ"
"14384","14","神奈川県","足柄下郡湯河原町","アシガラシモグンユガワラマチ"
"14401","14","神奈川県","愛甲郡愛川町","アイコウグンアイカワマチ"
"14402","14","神奈川県","愛甲郡清川村","アイコウグンキヨカワムラ"
"15101","15","新潟県","新潟市北区","ニイガタシキタク"
"15102","15","新潟県","新潟市東区","ニイガタシヒガシク"
"15103","15","新潟県","新潟市中央区","ニイガタシチュウオウク"
"15104","15","新潟県","新潟市江南区","ニイガタシコウナンク"
"15105","15","新潟県","新潟市秋葉区","ニイガタシアキハク"
"15106","15","新潟県","新潟市南区","ニイガタシミナミク"
"15107","15","新潟県","新潟市西区","ニイガタシニシク"
"15108","15","新潟県","新潟市西蒲区","ニイガタシニシカンク"
"15202","15","新潟県","長岡市","ナガオカシ"
"15204","15","新潟県","三条市","サンジョウシ"
"15205","15","新潟県","柏崎市","カシワザキシ"
"15206","15","新潟県","新発田市","シバタシ"
"15208","15","新潟県","小千谷市","オヂヤシ"
"15209","15","新潟県","加茂市","カモシ"
"15210","15","新潟県","十日町市","トオカマチシ"
"15211","15","新潟県","見附市","ミツケシ"
"15212","15","新潟県","村上市","ムラカミシ"
"15213","15","新潟県","燕市","ツバメシ"
"15216","15","新潟県","糸魚川市","イトイガワシ"
"15217","15","新潟県","妙高市","ミョウコウシ"
"15218","15","新潟県","五泉市","ゴセンシ"
"15222","15","新潟県","上越市","ジョウエツシ"
"15223","15","新潟県","阿賀野市","アガノシ"
"15224","15","新潟県","佐渡市","サドシ"
"15225","15","新潟県","魚沼市","ウオヌマシ"
"15226","15","新潟県","南魚沼市","ミナミウオヌマシ"
"15227","15","新潟県","胎内市","タイナイシ"
"15307","15","新潟県","北蒲原郡聖籠町","キタカンバラグンセイロウマチ"
"15342","15","新潟県","西蒲原郡弥彦村","ニシカンバラグンヤヒコムラ"
"15361","15","新潟県","南蒲原郡田上町","ミナミカンバラグンタガミマチ"
"15385","15","新潟県","東蒲原郡阿賀町","ヒガシカンバラグンアガマチ"
"15405","15","新潟県","三島郡出雲崎町","サントウグンイズモザキマチ"
"15441","15","新潟県","北魚沼郡川口町","キタウオヌマグンカワグチマチ"
"15461","15","新潟県","南魚沼郡湯沢町","ミナミウオヌマグンユザワマチ"
"15482","15","新潟県","中魚沼郡津南町","ナカウオヌマグンツナンマチ"
"15504","15","新潟県","刈羽郡刈羽村","カリワグンカリワムラ"
"15581","15","新潟県","岩船郡関川村","イワフネグンセキカワムラ"
"15586","15","新潟県","岩船郡粟島浦村","イワフネグンアワシマウラムラ"
"16201","16","富山県","富山市","トヤマシ"
"16202","16","富山県","高岡市","タカオカシ"
"16204","16","富山県","魚津市","ウオヅシ"
"16205","16","富山県","氷見市","ヒミシ"
"16206","16","富山県","滑川市","ナメリカワシ"
"16207","16","富山県","黒部市","クロベシ"
"16208","16","富山県","砺波市","トナミシ"
"16209","16","富山県","小矢部市","オヤベシ"
"16210","16","富山県","南砺市","ナントシ"
"16211","16","富山県","射水市","イミズシ"
"16321","16","富山県","中新川郡舟橋村","ナカニイカワグンフナハシムラ"
"16322","16","富山県","中新川郡上市町","ナカニイカワグンカミイチマチ"
"16323","16","富山県","中新川郡立山町","ナカニイカワグンタテヤママチ"
"16342","16","富山県","下新川郡入善町","シモニイカワグンニュウゼンマチ"
"16343","16","富山県","下新川郡朝日町","シモニイカワグンアサヒマチ"
"17201","17","石川県","金沢市","カナザワシ"
"17202","17","石川県","七尾市","ナナオシ"
"17203","17","石川県","小松市","コマツシ"
"17204","17","石川県","輪島市","ワジマシ"
"17205","17","石川県","珠洲市","スズシ"
"17206","17","石川県","加賀市","カガシ"
"17207","17","石川県","羽咋市","ハクイシ"
"17209","17","石川県","かほく市","カホクシ"
"17210","17","石川県","白山市","ハクサンシ"
"17211","17","石川県","能美市","ノミシ"
"17324","17","石川県","能美郡川北町","ノミグンカワキタマチ"
"17344","17","石川県","石川郡野々市町","イシカワグンノノイチマチ"
"17361","17","石川県","河北郡津幡町","カホクグンツバタマチ"
"17365","17","石川県","河北郡内灘町","カホクグンウチナダマチ"
"17384","17","石川県","羽咋郡志賀町","ハクイグンシカマチ"
"17386","17","石川県","羽咋郡宝達志水町","ハクイグンホウダツシミズチョウ"
"17407","17","石川県","鹿島郡中能登町","カシマグンナカノトマチ"
"17461","17","石川県","鳳珠郡穴水町","ホウスグンアナミズマチ"
"17463","17","石川県","鳳珠郡能登町","ホウスグンノトチョウ"
"18201","18","福井県","福井市","フクイシ"
"18202","18","福井県","敦賀市","ツルガシ"
"18204","18","福井県","小浜市","オバマシ"
"18205","18","福井県","大野市","オオノシ"
"18206","18","福井県","勝山市","カツヤマシ"
"18207","18","福井県","鯖江市","サバエシ"
"18208","18","福井県","あわら市","アワラシ"
"18209","18","福井県","越前市","エチゼンシ"
"18210","18","福井県","坂井市","サカイシ"
"18322","18","福井県","吉田郡永平寺町","ヨシダグンエイヘイジチョウ"
"18382","18","福井県","今立郡池田町","イマダテグンイケダチョウ"
"18404","18","福井県","南条郡南越前町","ナンジョウグンミナミエチゼンチョウ"
"18423","18","福井県","丹生郡越前町","ニュウグンエチゼンチョウ"
"18442","18","福井県","三方郡美浜町","ミカタグンミハマチョウ"
"18481","18","福井県","大飯郡高浜町","オオイグンタカハマチョウ"
"18483","18","福井県","大飯郡おおい町","オオイグンオオイチョウ"
"18501","18","福井県","三方上中郡若狭町","ミカタカミナカグンワカサチョウ"
"19201","19","山梨県","甲府市","コウフシ"
"19202","19","山梨県","富士吉田市","フジヨシダシ"
"19204","19","山梨県","都留市","ツルシ"
"19205","19","山梨県","山梨市","ヤマナシシ"
"19206","19","山梨県","大月市","オオツキシ"
"19207","19","山梨県","韮崎市","ニラサキシ"
"19208","19","山梨県","南アルプス市","ミナミアルプスシ"
"19209","19","山梨県","北杜市","ホクトシ"
"19210","19","山梨県","甲斐市","カイシ"
"19211","19","山梨県","笛吹市","フエフキシ"
"19212","19","山梨県","上野原市","ウエノハラシ"
"19213","19","山梨県","甲州市","コウシュウシ"
"19214","19","山梨県","中央市","チュウオウシ"
"19346","19","山梨県","西八代郡市川三郷町","ニシヤツシログンイチカワミサトチョウ"
"19361","19","山梨県","南巨摩郡増穂町","ミナミコマグンマスホチョウ"
"19362","19","山梨県","南巨摩郡鰍沢町","ミナミコマグンカジカザワチョウ"
"19364","19","山梨県","南巨摩郡早川町","ミナミコマグンハヤカワチョウ"
"19365","19","山梨県","南巨摩郡身延町","ミナミコマグンミノブチョウ"
"19366","19","山梨県","南巨摩郡南部町","ミナミコマグンナンブチョウ"
"19384","19","山梨県","中巨摩郡昭和町","ナカコマグンショウワチョウ"
"19422","19","山梨県","南都留郡道志村","ミナミツルグンドウシムラ"
"19423","19","山梨県","南都留郡西桂町","ミナミツルグンニシカツラチョウ"
"19424","19","山梨県","南都留郡忍野村","ミナミツルグンオシノムラ"
"19425","19","山梨県","南都留郡山中湖村","ミナミツルグンヤマナカコムラ"
"19429","19","山梨県","南都留郡鳴沢村","ミナミツルグンナルサワムラ"
"19430","19","山梨県","南都留郡富士河口湖町","ミナミツルグンフジカワグチコマチ"
"19442","19","山梨県","北都留郡小菅村","キタツルグンコスゲムラ"
"19443","19","山梨県","北都留郡丹波山村","キタツルグンタバヤマムラ"
"20201","20","長野県","長野市","ナガノシ"
"20202","20","長野県","松本市","マツモトシ"
"20203","20","長野県","上田市","ウエダシ"
"20204","20","長野県","岡谷市","オカヤシ"
"20205","20","長野県","飯田市","イイダシ"
"20206","20","長野県","諏訪市","スワシ"
"20207","20","長野県","須坂市","スザカシ"
"20208","20","長野県","小諸市","コモロシ"
"20209","20","長野県","伊那市","イナシ"
"20210","20","長野県","駒ヶ根市","コマガネシ"
"20211","20","長野県","中野市","ナカノシ"
"20212","20","長野県","大町市","オオマチシ"
"20213","20","長野県","飯山市","イイヤマシ"
"20214","20","長野県","茅野市","チノシ"
"20215","20","長野県","塩尻市","シオジリシ"
"20217","20","長野県","佐久市","サクシ"
"20218","20","長野県","千曲市","チクマシ"
"20219","20","長野県","東御市","トウミシ"
"20220","20","長野県","安曇野市","アヅミノシ"
"20303","20","長野県","南佐久郡小海町","ミナミサクグンコウミマチ"
"20304","20","長野県","南佐久郡川上村","ミナミサクグンカワカミムラ"
"20305","20","長野県","南佐久郡南牧村","ミナミサクグンミナミマキムラ"
"20306","20","長野県","南佐久郡南相木村","ミナミサクグンミナミアイキムラ"
"20307","20","長野県","南佐久郡北相木村","ミナミサクグンキタアイキムラ"
"20309","20","長野県","南佐久郡佐久穂町","ミナミサクグンサクホマチ"
"20321","20","長野県","北佐久郡軽井沢町","キタサクグンカルイザワマチ"
"20323","20","長野県","北佐久郡御代田町","キタサクグンミヨタマチ"
"20324","20","長野県","北佐久郡立科町","キタサクグンタテシナマチ"
"20349","20","長野県","小県郡青木村","チイサガタグンアオキムラ"
"20350","20","長野県","小県郡長和町","チイサガタグンナガワマチ"
"20361","20","長野県","諏訪郡下諏訪町","スワグンシモスワマチ"
"20362","20","長野県","諏訪郡富士見町","スワグンフジミマチ"
"20363","20","長野県","諏訪郡原村","スワグンハラムラ"
"20382","20","長野県","上伊那郡辰野町","カミイナグンタツノマチ"
"20383","20","長野県","上伊那郡箕輪町","カミイナグンミノワマチ"
"20384","20","長野県","上伊那郡飯島町","カミイナグンイイジママチ"
"20385","20","長野県","上伊那郡南箕輪村","カミイナグンミナミミノワムラ"
"20386","20","長野県","上伊那郡中川村","カミイナグンナカガワムラ"
"20388","20","長野県","上伊那郡宮田村","カミイナグンミヤダムラ"
"20402","20","長野県","下伊那郡松川町","シモイナグンマツカワマチ"
"20403","20","長野県","下伊那郡高森町","シモイナグンタカモリマチ"
"20404","20","長野県","下伊那郡阿南町","シモイナグンアナンチョウ"
"20407","20","長野県","下伊那郡阿智村","シモイナグンアチムラ"
"20409","20","長野県","下伊那郡平谷村","シモイナグンヒラヤムラ"
"20410","20","長野県","下伊那郡根羽村","シモイナグンネバムラ"
"20411","20","長野県","下伊那郡下條村","シモイナグンシモジョウムラ"
"20412","20","長野県","下伊那郡売木村","シモイナグンウルギムラ"
"20413","20","長野県","下伊那郡天龍村","シモイナグンテンリュウムラ"
"20414","20","長野県","下伊那郡泰阜村","シモイナグンヤスオカムラ"
"20415","20","長野県","下伊那郡喬木村","シモイナグンタカギムラ"
"20416","20","長野県","下伊那郡豊丘村","シモイナグントヨオカムラ"
"20417","20","長野県","下伊那郡大鹿村","シモイナグンオオシカムラ"
"20422","20","長野県","木曽郡上松町","キソグンアゲマツマチ"
"20423","20","長野県","木曽郡南木曽町","キソグンナギソマチ"
"20425","20","長野県","木曽郡木祖村","キソグンキソムラ"
"20429","20","長野県","木曽郡王滝村","キソグンオウタキムラ"
"20430","20","長野県","木曽郡大桑村","キソグンオオクワムラ"
"20432","20","長野県","木曽郡木曽町","キソグンキソマチ"
"20446","20","長野県","東筑摩郡麻績村","ヒガシチクマグンオミムラ"
"20448","20","長野県","東筑摩郡生坂村","ヒガシチクマグンイクサカムラ"
"20449","20","長野県","東筑摩郡波田町","ヒガシチクマグンハタマチ"
"20450","20","長野県","東筑摩郡山形村","ヒガシチクマグンヤマガタムラ"
"20451","20","長野県","東筑摩郡朝日村","ヒガシチクマグンアサヒムラ"
"20452","20","長野県","東筑摩郡筑北村","ヒガシチクマグンチクホクムラ"
"20481","20","長野県","北安曇郡池田町","キタアヅミグンイケダマチ"
"20482","20","長野県","北安曇郡松川村","キタアヅミグンマツカワムラ"
"20485","20","長野県","北安曇郡白馬村","キタアヅミグンハクバムラ"
"20486","20","長野県","北安曇郡小谷村","キタアヅミグンオタリムラ"
"20521","20","長野県","埴科郡坂城町","ハニシナグンサカキマチ"
"20541","20","長野県","上高井郡小布施町","カミタカイグンオブセマチ"
"20543","20","長野県","上高井郡高山村","カミタカイグンタカヤマムラ"
"20561","20","長野県","下高井郡山ノ内町","シモタカイグンヤマノウチマチ"
"20562","20","長野県","下高井郡木島平村","シモタカイグンキジマダイラムラ"
"20563","20","長野県","下高井郡野沢温泉村","シモタカイグンノザワオンセンムラ"
"20581","20","長野県","上水内郡信州新町","カミミノチグンシンシュウシンマチ"
"20583","20","長野県","上水内郡信濃町","カミミノチグンシナノマチ"
"20588","20","長野県","上水内郡小川村","カミミノチグンオガワムラ"
"20589","20","長野県","上水内郡中条村","カミミノチグンナカジョウムラ"
"20590","20","長野県","上水内郡飯綱町","カミミノチグンイイヅナマチ"
"20602","20","長野県","下水内郡栄村","シモミノチグンサカエムラ"
"21201","21","岐阜県","岐阜市","ギフシ"
"21202","21","岐阜県","大垣市","オオガキシ"
"21203","21","岐阜県","高山市","タカヤマシ"
"21204","21","岐阜県","多治見市","タジミシ"
"21205","21","岐阜県","関市","セキシ"
"21206","21","岐阜県","中津川市","ナカツガワシ"
"21207","21","岐阜県","美濃市","ミノシ"
"21208","21","岐阜県","瑞浪市","ミズナミシ"
"21209","21","岐阜県","羽島市","ハシマシ"
"21210","21","岐阜県","恵那市","エナシ"
"21211","21","岐阜県","美濃加茂市","ミノカモシ"
"21212","21","岐阜県","土岐市","トキシ"
"21213","21","岐阜県","各務原市","カカミガハラシ"
"21214","21","岐阜県","可児市","カニシ"
"21215","21","岐阜県","山県市","ヤマガタシ"
"21216","21","岐阜県","瑞穂市","ミズホシ"
"21217","21","岐阜県","飛騨市","ヒダシ"
"21218","21","岐阜県","本巣市","モトスシ"
"21219","21","岐阜県","郡上市","グジョウシ"
"21220","21","岐阜県","下呂市","ゲロシ"
"21221","21","岐阜県","海津市","カイヅシ"
"21302","21","岐阜県","羽島郡岐南町","ハシマグンギナンチョウ"
"21303","21","岐阜県","羽島郡笠松町","ハシマグンカサマツチョウ"
"21341","21","岐阜県","養老郡養老町","ヨウロウグンヨウロウチョウ"
"21361","21","岐阜県","不破郡垂井町","フワグンタルイチョウ"
"21362","21","岐阜県","不破郡関ケ原町","フワグンセキガハラチョウ"
"21381","21","岐阜県","安八郡神戸町","アンパチグンゴウドチョウ"
"21382","21","岐阜県","安八郡輪之内町","アンパチグンワノウチチョウ"
"21383","21","岐阜県","安八郡安八町","アンパチグンアンパチチョウ"
"21401","21","岐阜県","揖斐郡揖斐川町","イビグンイビガワチョウ"
"21403","21","岐阜県","揖斐郡大野町","イビグンオオノチョウ"
"21404","21","岐阜県","揖斐郡池田町","イビグンイケダチョウ"
"21421","21","岐阜県","本巣郡北方町","モトスグンキタガタチョウ"
"21501","21","岐阜県","加茂郡坂祝町","カモグンサカホギチョウ"
"21502","21","岐阜県","加茂郡富加町","カモグントミカチョウ"
"21503","21","岐阜県","加茂郡川辺町","カモグンカワベチョウ"
"21504","21","岐阜県","加茂郡七宗町","カモグンヒチソウチョウ"
"21505","21","岐阜県","加茂郡八百津町","カモグンヤオツチョウ"
"21506","21","岐阜県","加茂郡白川町","カモグンシラカワチョウ"
"21507","21","岐阜県","加茂郡東白川村","カモグンヒガシシラカワムラ"
"21521","21","岐阜県","可児郡御嵩町","カニグンミタケチョウ"
"21604","21","岐阜県","大野郡白川村","オオノグンシラカワムラ"
"22101","22","静岡県","静岡市葵区","シズオカシアオイク"
"22102","22","静岡県","静岡市駿河区","シズオカシスルガク"
"22103","22","静岡県","静岡市清水区","シズオカシシミズク"
"22131","22","静岡県","浜松市中区","ハママツシナカク"
"22132","22","静岡県","浜松市東区","ハママツシヒガシク"
"22133","22","静岡県","浜松市西区","ハママツシニシク"
"22134","22","静岡県","浜松市南区","ハママツシミナミク"
"22135","22","静岡県","浜松市北区","ハママツシキタク"
"22136","22","静岡県","浜松市浜北区","ハママツシハマキタク"
"22137","22","静岡県","浜松市天竜区","ハママツシテンリュウク"
"22203","22","静岡県","沼津市","ヌマヅシ"
"22205","22","静岡県","熱海市","アタミシ"
"22206","22","静岡県","三島市","ミシマシ"
"22207","22","静岡県","富士宮市","フジノミヤシ"
"22208","22","静岡県","伊東市","イトウシ"
"22209","22","静岡県","島田市","シマダシ"
"22210","22","静岡県","富士市","フジシ"
"22211","22","静岡県","磐田市","イワタシ"
"22212","22","静岡県","焼津市","ヤイヅシ"
"22213","22","静岡県","掛川市","カケガワシ"
"22214","22","静岡県","藤枝市","フジエダシ"
"22215","22","静岡県","御殿場市","ゴテンバシ"
"22216","22","静岡県","袋井市","フクロイシ"
"22219","22","静岡県","下田市","シモダシ"
"22220","22","静岡県","裾野市","スソノシ"
"22221","22","静岡県","湖西市","コサイシ"
"22222","22","静岡県","伊豆市","イズシ"
"22223","22","静岡県","御前崎市","オマエザキシ"
"22224","22","静岡県","菊川市","キクガワシ"
"22225","22","静岡県","伊豆の国市","イズノクニシ"
"22226","22","静岡県","牧之原市","マキノハラシ"
"22301","22","静岡県","賀茂郡東伊豆町","カモグンヒガシイズチョウ"
"22302","22","静岡県","賀茂郡河津町","カモグンカワヅチョウ"
"22304","22","静岡県","賀茂郡南伊豆町","カモグンミナミイズチョウ"
"22305","22","静岡県","賀茂郡松崎町","カモグンマツザキチョウ"
"22306","22","静岡県","賀茂郡西伊豆町","カモグンニシイズチョウ"
"22325","22","静岡県","田方郡函南町","タガタグンカンナミチョウ"
"22341","22","静岡県","駿東郡清水町","スントウグンシミズチョウ"
"22342","22","静岡県","駿東郡長泉町","スントウグンナガイズミチョウ"
"22344","22","静岡県","駿東郡小山町","スントウグンオヤマチョウ"
"22361","22","静岡県","富士郡芝川町","フジグンシバカワチョウ"
"22424","22","静岡県","榛原郡吉田町","ハイバラグンヨシダチョウ"
"22429","22","静岡県","榛原郡川根本町","ハイバラグンカワネホンチョウ"
"22461","22","静岡県","周智郡森町","シュウチグンモリマチ"
"22503","22","静岡県","浜名郡新居町","ハマナグンアライチョウ"
"23101","23","愛知県","名古屋市千種区","ナゴヤシチクサク"
"23102","23","愛知県","名古屋市東区","ナゴヤシヒガシク"
"23103","23","愛知県","名古屋市北区","ナゴヤシキタク"
"23104","23","愛知県","名古屋市西区","ナゴヤシニシク"
"23105","23","愛知県","名古屋市中村区","ナゴヤシナカムラク"
"23106","23","愛知県","名古屋市中区","ナゴヤシナカク"
"23107","23","愛知県","名古屋市昭和区","ナゴヤシショウワク"
"23108","23","愛知県","名古屋市瑞穂区","ナゴヤシミズホク"
"23109","23","愛知県","名古屋市熱田区","ナゴヤシアツタク"
"23110","23","愛知県","名古屋市中川区","ナゴヤシナカガワク"
"23111","23","愛知県","名古屋市港区","ナゴヤシミナトク"
"23112","23","愛知県","名古屋市南区","ナゴヤシミナミク"
"23113","23","愛知県","名古屋市守山区","ナゴヤシモリヤマク"
"23114","23","愛知県","名古屋市緑区","ナゴヤシミドリク"
"23115","23","愛知県","名古屋市名東区","ナゴヤシメイトウク"
"23116","23","愛知県","名古屋市天白区","ナゴヤシテンパクク"
"23201","23","愛知県","豊橋市","トヨハシシ"
"23202","23","愛知県","岡崎市","オカザキシ"
"23203","23","愛知県","一宮市","イチノミヤシ"
"23204","23","愛知県","瀬戸市","セトシ"
"23205","23","愛知県","半田市","ハンダシ"
"23206","23","愛知県","春日井市","カスガイシ"
"23207","23","愛知県","豊川市","トヨカワシ"
"23208","23","愛知県","津島市","ツシマシ"
"23209","23","愛知県","碧南市","ヘキナンシ"
"23210","23","愛知県","刈谷市","カリヤシ"
"23211","23","愛知県","豊田市","トヨタシ"
"23212","23","愛知県","安城市","アンジョウシ"
"23213","23","愛知県","西尾市","ニシオシ"
"23214","23","愛知県","蒲郡市","ガマゴオリシ"
"23215","23","愛知県","犬山市","イヌヤマシ"
"23216","23","愛知県","常滑市","トコナメシ"
"23217","23","愛知県","江南市","コウナンシ"
"23219","23","愛知県","小牧市","コマキシ"
"23220","23","愛知県","稲沢市","イナザワシ"
"23221","23","愛知県","新城市","シンシロシ"
"23222","23","愛知県","東海市","トウカイシ"
"23223","23","愛知県","大府市","オオブシ"
"23224","23","愛知県","知多市","チタシ"
"23225","23","愛知県","知立市","チリュウシ"
"23226","23","愛知県","尾張旭市","オワリアサヒシ"
"23227","23","愛知県","高浜市","タカハマシ"
"23228","23","愛知県","岩倉市","イワクラシ"
"23229","23","愛知県","豊明市","トヨアケシ"
"23230","23","愛知県","日進市","ニッシンシ"
"23231","23","愛知県","田原市","タハラシ"
"23232","23","愛知県","愛西市","アイサイシ"
"23233","23","愛知県","清須市","キヨスシ"
"23234","23","愛知県","北名古屋市","キタナゴヤシ"
"23235","23","愛知県","弥富市","ヤトミシ"
"23302","23","愛知県","愛知郡東郷町","アイチグントウゴウチョウ"
"23304","23","愛知県","愛知郡長久手町","アイチグンナガクテチョウ"
"23342","23","愛知県","西春日井郡豊山町","ニシカスガイグントヨヤマチョウ"
"23345","23","愛知県","西春日井郡春日町","ニシカスガイグンハルヒチョウ"
"23361","23","愛知県","丹羽郡大口町","ニワグンオオグチチョウ"
"23362","23","愛知県","丹羽郡扶桑町","ニワグンフソウチョウ"
"23421","23","愛知県","海部郡七宝町","アマグンシッポウチョウ"
"23422","23","愛知県","海部郡美和町","アマグンミワチョウ"
"23423","23","愛知県","海部郡甚目寺町","アマグンジモクジチョウ"
"23424","23","愛知県","海部郡大治町","アマグンオオハルチョウ"
"23425","23","愛知県","海部郡蟹江町","アマグンカニエチョウ"
"23427","23","愛知県","海部郡飛島村","アマグントビシマムラ"
"23441","23","愛知県","知多郡阿久比町","チタグンアグイチョウ"
"23442","23","愛知県","知多郡東浦町","チタグンヒガシウラチョウ"
"23445","23","愛知県","知多郡南知多町","チタグンミナミチタチョウ"
"23446","23","愛知県","知多郡美浜町","チタグンミハマチョウ"
"23447","23","愛知県","知多郡武豊町","チタグンタケトヨチョウ"
"23481","23","愛知県","幡豆郡一色町","ハズグンイッシキチョウ"
"23482","23","愛知県","幡豆郡吉良町","ハズグンキラチョウ"
"23483","23","愛知県","幡豆郡幡豆町","ハズグンハズチョウ"
"23501","23","愛知県","額田郡幸田町","ヌカタグンコウタチョウ"
"23521","23","愛知県","西加茂郡三好町","ニシカモグンミヨシチョウ"
"23561","23","愛知県","北設楽郡設楽町","キタシタラグンシタラチョウ"
"23562","23","愛知県","北設楽郡東栄町","キタシタラグントウエイチョウ"
"23563","23","愛知県","北設楽郡豊根村","キタシタラグントヨネムラ"
"23603","23","愛知県","宝飯郡小坂井町","ホイグンコザカイチョウ"
"24201","24","三重県","津市","ツシ"
"24202","24","三重県","四日市市","ヨッカイチシ"
"24203","24","三重県","伊勢市","イセシ"
"24204","24","三重県","松阪市","マツサカシ"
"24205","24","三重県","桑名市","クワナシ"
"24207","24","三重県","鈴鹿市","スズカシ"
"24208","24","三重県","名張市","ナバリシ"
"24209","24","三重県","尾鷲市","オワセシ"
"24210","24","三重県","亀山市","カメヤマシ"
"24211","24","三重県","鳥羽市","トバシ"
"24212","24","三重県","熊野市","クマノシ"
"24214","24","三重県","いなべ市","イナベシ"
"24215","24","三重県","志摩市","シマシ"
"24216","24","三重県","伊賀市","イガシ"
"24303","24","三重県","桑名郡木曽岬町","クワナグンキソサキチョウ"
"24324","24","三重県","員弁郡東員町","イナベグントウインチョウ"
"24341","24","三重県","三重郡菰野町","ミエグンコモノチョウ"
"24343","24","三重県","三重郡朝日町","ミエグンアサヒチョウ"
"24344","24","三重県","三重郡川越町","ミエグンカワゴエチョウ"
"24441","24","三重県","多気郡多気町","タキグンタキチョウ"
"24442","24","三重県","多気郡明和町","タキグンメイワチョウ"
"24443","24","三重県","多気郡大台町","タキグンオオダイチョウ"
"24461","24","三重県","度会郡玉城町","ワタライグンタマキチョウ"
"24470","24","三重県","度会郡度会町","ワタライグンワタライチョウ"
"24471","24","三重県","度会郡大紀町","ワタライグンタイキチョウ"
"24472","24","三重県","度会郡南伊勢町","ワタライグンミナミイセチョウ"
"24543","24","三重県","北牟婁郡紀北町","キタムログンキホクチョウ"
"24561","24","三重県","南牟婁郡御浜町","ミナミムログンミハマチョウ"
"24562","24","三重県","南牟婁郡紀宝町","ミナミムログンキホウチョウ"
"25201","25","滋賀県","大津市","オオツシ"
"25202","25","滋賀県","彦根市","ヒコネシ"
"25203","25","滋賀県","長浜市","ナガハマシ"
"25204","25","滋賀県","近江八幡市","オウミハチマンシ"
"25206","25","滋賀県","草津市","クサツシ"
"25207","25","滋賀県","守山市","モリヤマシ"
"25208","25","滋賀県","栗東市","リットウシ"
"25209","25","滋賀県","甲賀市","コウカシ"
"25210","25","滋賀県","野洲市","ヤスシ"
"25211","25","滋賀県","湖南市","コナンシ"
"25212","25","滋賀県","高島市","タカシマシ"
"25213","25","滋賀県","東近江市","ヒガシオウミシ"
"25214","25","滋賀県","米原市","マイバラシ"
"25381","25","滋賀県","蒲生郡安土町","ガモウグンアヅチチョウ"
"25383","25","滋賀県","蒲生郡日野町","ガモウグンヒノチョウ"
"25384","25","滋賀県","蒲生郡竜王町","ガモウグンリュウオウチョウ"
"25425","25","滋賀県","愛知郡愛荘町","エチグンアイショウチョウ"
"25441","25","滋賀県","犬上郡豊郷町","イヌカミグントヨサトチョウ"
"25442","25","滋賀県","犬上郡甲良町","イヌカミグンコウラチョウ"
"25443","25","滋賀県","犬上郡多賀町","イヌカミグンタガチョウ"
"25482","25","滋賀県","東浅井郡虎姫町","ヒガシアザイグントラヒメチョウ"
"25483","25","滋賀県","東浅井郡湖北町","ヒガシアザイグンコホクチョウ"
"25501","25","滋賀県","伊香郡高月町","イカグンタカツキチョウ"
"25502","25","滋賀県","伊香郡木之本町","イカグンキノモトチョウ"
"25503","25","滋賀県","伊香郡余呉町","イカグンヨゴチョウ"
"25504","25","滋賀県","伊香郡西浅井町","イカグンニシアザイチョウ"
"26101","26","京都府","京都市北区","キョウトシキタク"
"26102","26","京都府","京都市上京区","キョウトシカミギョウク"
"26103","26","京都府","京都市左京区","キョウトシサキョウク"
"26104","26","京都府","京都市中京区","キョウトシナカギョウク"
"26105","26","京都府","京都市東山区","キョウトシヒガシヤマク"
"26106","26","京都府","京都市下京区","キョウトシシモギョウク"
"26107","26","京都府","京都市南区","キョウトシミナミク"
"26108","26","京都府","京都市右京区","キョウトシウキョウク"
"26109","26","京都府","京都市伏見区","キョウトシフシミク"
"26110","26","京都府","京都市山科区","キョウトシヤマシナク"
"26111","26","京都府","京都市西京区","キョウトシニシキョウク"
"26201","26","京都府","福知山市","フクチヤマシ"
"26202","26","京都府","舞鶴市","マイヅルシ"
"26203","26","京都府","綾部市","アヤベシ"
"26204","26","京都府","宇治市","ウジシ"
"26205","26","京都府","宮津市","ミヤヅシ"
"26206","26","京都府","亀岡市","カメオカシ"
"26207","26","京都府","城陽市","ジョウヨウシ"
"26208","26","京都府","向日市","ムコウシ"
"26209","26","京都府","長岡京市","ナガオカキョウシ"
"26210","26","京都府","八幡市","ヤワタシ"
"26211","26","京都府","京田辺市","キョウタナベシ"
"26212","26","京都府","京丹後市","キョウタンゴシ"
"26213","26","京都府","南丹市","ナンタンシ"
"26214","26","京都府","木津川市","キヅガワシ"
"26303","26","京都府","乙訓郡大山崎町","オトクニグンオオヤマザキチョウ"
"26322","26","京都府","久世郡久御山町","クセグンクミヤマチョウ"
"26343","26","京都府","綴喜郡井手町","ツヅキグンイデチョウ"
"26344","26","京都府","綴喜郡宇治田原町","ツヅキグンウジタワラチョウ"
"26364","26","京都府","相楽郡笠置町","ソウラクグンカサギチョウ"
"26365","26","京都府","相楽郡和束町","ソウラクグンワヅカチョウ"
"26366","26","京都府","相楽郡精華町","ソウラクグンセイカチョウ"
"26367","26","京都府","相楽郡南山城村","ソウラクグンミナミヤマシロムラ"
"26407","26","京都府","船井郡京丹波町","フナイグンキョウタンバチョウ"
"26463","26","京都府","与謝郡伊根町","ヨサグンイネチョウ"
"26465","26","京都府","与謝郡与謝野町","ヨサグンヨサノチョウ"
"27102","27","大阪府","大阪市都島区","オオサカシミヤコジマク"
"27103","27","大阪府","大阪市福島区","オオサカシフクシマク"
"27104","27","大阪府","大阪市此花区","オオサカシコノハナク"
"27106","27","大阪府","大阪市西区","オオサカシニシク"
"27107","27","大阪府","大阪市港区","オオサカシミナトク"
"27108","27","大阪府","大阪市大正区","オオサカシタイショウク"
"27109","27","大阪府","大阪市天王寺区","オオサカシテンノウジク"
"27111","27","大阪府","大阪市浪速区","オオサカシナニワク"
"27113","27","大阪府","大阪市西淀川区","オオサカシニシヨドガワク"
"27114","27","大阪府","大阪市東淀川区","オオサカシヒガシヨドガワク"
"27115","27","大阪府","大阪市東成区","オオサカシヒガシナリク"
"27116","27","大阪府","大阪市生野区","オオサカシイクノク"
"27117","27","大阪府","大阪市旭区","オオサカシアサヒク"
"27118","27","大阪府","大阪市城東区","オオサカシジョウトウク"
"27119","27","大阪府","大阪市阿倍野区","オオサカシアベノク"
"27120","27","大阪府","大阪市住吉区","オオサカシスミヨシク"
"27121","27","大阪府","大阪市東住吉区","オオサカシヒガシスミヨシク"
"27122","27","大阪府","大阪市西成区","オオサカシニシナリク"
"27123","27","大阪府","大阪市淀川区","オオサカシヨドガワク"
"27124","27","大阪府","大阪市鶴見区","オオサカシツルミク"
"27125","27","大阪府","大阪市住之江区","オオサカシスミノエク"
"27126","27","大阪府","大阪市平野区","オオサカシヒラノク"
"27127","27","大阪府","大阪市北区","オオサカシキタク"
"27128","27","大阪府","大阪市中央区","オオサカシチュウオウク"
"27141","27","大阪府","堺市堺区","サカイシサカイク"
"27142","27","大阪府","堺市中区","サカイシナカク"
"27143","27","大阪府","堺市東区","サカイシヒガシク"
"27144","27","大阪府","堺市西区","サカイシニシク"
"27145","27","大阪府","堺市南区","サカイシミナミク"
"27146","27","大阪府","堺市北区","サカイシキタク"
"27147","27","大阪府","堺市美原区","サカイシミハラク"
"27202","27","大阪府","岸和田市","キシワダシ"
"27203","27","大阪府","豊中市","トヨナカシ"
"27204","27","大阪府","池田市","イケダシ"
"27205","27","大阪府","吹田市","スイタシ"
"27206","27","大阪府","泉大津市","イズミオオツシ"
"27207","27","大阪府","高槻市","タカツキシ"
"27208","27","大阪府","貝塚市","カイヅカシ"
"27209","27","大阪府","守口市","モリグチシ"
"27210","27","大阪府","枚方市","ヒラカタシ"
"27211","27","大阪府","茨木市","イバラキシ"
"27212","27","大阪府","八尾市","ヤオシ"
"27213","27","大阪府","泉佐野市","イズミサノシ"
"27214","27","大阪府","富田林市","トンダバヤシシ"
"27215","27","大阪府","寝屋川市","ネヤガワシ"
"27216","27","大阪府","河内長野市","カワチナガノシ"
"27217","27","大阪府","松原市","マツバラシ"
"27218","27","大阪府","大東市","ダイトウシ"
"27219","27","大阪府","和泉市","イズミシ"
"27220","27","大阪府","箕面市","ミノオシ"
"27221","27","大阪府","柏原市","カシワラシ"
"27222","27","大阪府","羽曳野市","ハビキノシ"
"27223","27","大阪府","門真市","カドマシ"
"27224","27","大阪府","摂津市","セッツシ"
"27225","27","大阪府","高石市","タカイシシ"
"27226","27","大阪府","藤井寺市","フジイデラシ"
"27227","27","大阪府","東大阪市","ヒガシオオサカシ"
"27228","27","大阪府","泉南市","センナンシ"
"27229","27","大阪府","四條畷市","シジョウナワテシ"
"27230","27","大阪府","交野市","カタノシ"
"27231","27","大阪府","大阪狭山市","オオサカサヤマシ"
"27232","27","大阪府","阪南市","ハンナンシ"
"27301","27","大阪府","三島郡島本町","ミシマグンシマモトチョウ"
"27321","27","大阪府","豊能郡豊能町","トヨノグントヨノチョウ"
"27322","27","大阪府","豊能郡能勢町","トヨノグンノセチョウ"
"27341","27","大阪府","泉北郡忠岡町","センボクグンタダオカチョウ"
"27361","27","大阪府","泉南郡熊取町","センナングンクマトリチョウ"
"27362","27","大阪府","泉南郡田尻町","センナングンタジリチョウ"
"27366","27","大阪府","泉南郡岬町","センナングンミサキチョウ"
"27381","27","大阪府","南河内郡太子町","ミナミカワチグンタイシチョウ"
"27382","27","大阪府","南河内郡河南町","ミナミカワチグンカナンチョウ"
"27383","27","大阪府","南河内郡千早赤阪村","ミナミカワチグンチハヤアカサカムラ"
"28101","28","兵庫県","神戸市東灘区","コウベシヒガシナダク"
"28102","28","兵庫県","神戸市灘区","コウベシナダク"
"28105","28","兵庫県","神戸市兵庫区","コウベシヒョウゴク"
"28106","28","兵庫県","神戸市長田区","コウベシナガタク"
"28107","28","兵庫県","神戸市須磨区","コウベシスマク"
"28108","28","兵庫県","神戸市垂水区","コウベシタルミク"
"28109","28","兵庫県","神戸市北区","コウベシキタク"
"28110","28","兵庫県","神戸市中央区","コウベシチュウオウク"
"28111","28","兵庫県","神戸市西区","コウベシニシク"
"28201","28","兵庫県","姫路市","ヒメジシ"
"28202","28","兵庫県","尼崎市","アマガサキシ"
"28203","28","兵庫県","明石市","アカシシ"
"28204","28","兵庫県","西宮市","ニシノミヤシ"
"28205","28","兵庫県","洲本市","スモトシ"
"28206","28","兵庫県","芦屋市","アシヤシ"
"28207","28","兵庫県","伊丹市","イタミシ"
"28208","28","兵庫県","相生市","アイオイシ"
"28209","28","兵庫県","豊岡市","トヨオカシ"
"28210","28","兵庫県","加古川市","カコガワシ"
"28212","28","兵庫県","赤穂市","アコウシ"
"28213","28","兵庫県","西脇市","ニシワキシ"
"28214","28","兵庫県","宝塚市","タカラヅカシ"
"28215","28","兵庫県","三木市","ミキシ"
"28216","28","兵庫県","高砂市","タカサゴシ"
"28217","28","兵庫県","川西市","カワニシシ"
"28218","28","兵庫県","小野市","オノシ"
"28219","28","兵庫県","三田市","サンダシ"
"28220","28","兵庫県","加西市","カサイシ"
"28221","28","兵庫県","篠山市","ササヤマシ"
"28222","28","兵庫県","養父市","ヤブシ"
"28223","28","兵庫県","丹波市","タンバシ"
"28224","28","兵庫県","南あわじ市","ミナミアワジシ"
"28225","28","兵庫県","朝来市","アサゴシ"
"28226","28","兵庫県","淡路市","アワジシ"
"28227","28","兵庫県","宍粟市","シソウシ"
"28228","28","兵庫県","加東市","カトウシ"
"28229","28","兵庫県","たつの市","タツノシ"
"28301","28","兵庫県","川辺郡猪名川町","カワベグンイナガワチョウ"
"28365","28","兵庫県","多可郡多可町","タカグンタカチョウ"
"28381","28","兵庫県","加古郡稲美町","カコグンイナミチョウ"
"28382","28","兵庫県","加古郡播磨町","カコグンハリマチョウ"
"28442","28","兵庫県","神崎郡市川町","カンザキグンイチカワチョウ"
"28443","28","兵庫県","神崎郡福崎町","カンザキグンフクサキチョウ"
"28446","28","兵庫県","神崎郡神河町","カンザキグンカミカワチョウ"
"28464","28","兵庫県","揖保郡太子町","イボグンタイシチョウ"
"28481","28","兵庫県","赤穂郡上郡町","アコウグンカミゴオリチョウ"
"28501","28","兵庫県","佐用郡佐用町","サヨウグンサヨウチョウ"
"28585","28","兵庫県","美方郡香美町","ミカタグンカミチョウ"
"28586","28","兵庫県","美方郡新温泉町","ミカタグンシンオンセンチョウ"
"29201","29","奈良県","奈良市","ナラシ"
"29202","29","奈良県","大和高田市","ヤマトタカダシ"
"29203","29","奈良県","大和郡山市","ヤマトコオリヤマシ"
"29204","29","奈良県","天理市","テンリシ"
"29205","29","奈良県","橿原市","カシハラシ"
"29206","29","奈良県","桜井市","サクライシ"
"29207","29","奈良県","五條市","ゴジョウシ"
"29208","29","奈良県","御所市","ゴセシ"
"29209","29","奈良県","生駒市","イコマシ"
"29210","29","奈良県","香芝市","カシバシ"
"29211","29","奈良県","葛城市","カツラギシ"
"29212","29","奈良県","宇陀市","ウダシ"
"29322","29","奈良県","山辺郡山添村","ヤマベグンヤマゾエムラ"
"29342","29","奈良県","生駒郡平群町","イコマグンヘグリチョウ"
"29343","29","奈良県","生駒郡三郷町","イコマグンサンゴウチョウ"
"29344","29","奈良県","生駒郡斑鳩町","イコマグンイカルガチョウ"
"29345","29","奈良県","生駒郡安堵町","イコマグンアンドチョウ"
"29361","29","奈良県","磯城郡川西町","シキグンカワニシチョウ"
"29362","29","奈良県","磯城郡三宅町","シキグンミヤケチョウ"
"29363","29","奈良県","磯城郡田原本町","シキグンタワラモトチョウ"
"29385","29","奈良県","宇陀郡曽爾村","ウダグンソニムラ"
"29386","29","奈良県","宇陀郡御杖村","ウダグンミツエムラ"
"29401","29","奈良県","高市郡高取町","タカイチグンタカトリチョウ"
"29402","29","奈良県","高市郡明日香村","タカイチグンアスカムラ"
"29424","29","奈良県","北葛城郡上牧町","キタカツラギグンカンマキチョウ"
"29425","29","奈良県","北葛城郡王寺町","キタカツラギグンオウジチョウ"
"29426","29","奈良県","北葛城郡広陵町","キタカツラギグンコウリョウチョウ"
"29427","29","奈良県","北葛城郡河合町","キタカツラギグンカワイチョウ"
"29441","29","奈良県","吉野郡吉野町","ヨシノグンヨシノチョウ"
"29442","29","奈良県","吉野郡大淀町","ヨシノグンオオヨドチョウ"
"29443","29","奈良県","吉野郡下市町","ヨシノグンシモイチチョウ"
"29444","29","奈良県","吉野郡黒滝村","ヨシノグンクロタキムラ"
"29446","29","奈良県","吉野郡天川村","ヨシノグンテンカワムラ"
"29447","29","奈良県","吉野郡野迫川村","ヨシノグンノセガワムラ"
"29449","29","奈良県","吉野郡十津川村","ヨシノグントツカワムラ"
"29450","29","奈良県","吉野郡下北山村","ヨシノグンシモキタヤマムラ"
"29451","29","奈良県","吉野郡上北山村","ヨシノグンカミキタヤマムラ"
"29452","29","奈良県","吉野郡川上村","ヨシノグンカワカミムラ"
"29453","29","奈良県","吉野郡東吉野村","ヨシノグンヒガシヨシノムラ"
"30201","30","和歌山県","和歌山市","ワカヤマシ"
"30202","30","和歌山県","海南市","カイナンシ"
"30203","30","和歌山県","橋本市","ハシモトシ"
"30204","30","和歌山県","有田市","アリダシ"
"30205","30","和歌山県","御坊市","ゴボウシ"
"30206","30","和歌山県","田辺市","タナベシ"
"30207","30","和歌山県","新宮市","シングウシ"
"30208","30","和歌山県","紀の川市","キノカワシ"
"30209","30","和歌山県","岩出市","イワデシ"
"30304","30","和歌山県","海草郡紀美野町","カイソウグンキミノチョウ"
"30341","30","和歌山県","伊都郡かつらぎ町","イトグンカツラギチョウ"
"30343","30","和歌山県","伊都郡九度山町","イトグンクドヤマチョウ"
"30344","30","和歌山県","伊都郡高野町","イトグンコウヤチョウ"
"30361","30","和歌山県","有田郡湯浅町","アリダグンユアサチョウ"
"30362","30","和歌山県","有田郡広川町","アリダグンヒロガワチョウ"
"30366","30","和歌山県","有田郡有田川町","アリダグンアリダガワチョウ"
"30381","30","和歌山県","日高郡美浜町","ヒダカグンミハマチョウ"
"30382","30","和歌山県","日高郡日高町","ヒダカグンヒダカチョウ"
"30383","30","和歌山県","日高郡由良町","ヒダカグンユラチョウ"
"30390","30","和歌山県","日高郡印南町","ヒダカグンイナミチョウ"
"30391","30","和歌山県","日高郡みなべ町","ヒダカグンミナベチョウ"
"30392","30","和歌山県","日高郡日高川町","ヒダカグンヒダカガワチョウ"
"30401","30","和歌山県","西牟婁郡白浜町","ニシムログンシラハマチョウ"
"30404","30","和歌山県","西牟婁郡上富田町","ニシムログンカミトンダチョウ"
"30406","30","和歌山県","西牟婁郡すさみ町","ニシムログンスサミチョウ"
"30421","30","和歌山県","東牟婁郡那智勝浦町","ヒガシムログンナチカツウラチョウ"
"30422","30","和歌山県","東牟婁郡太地町","ヒガシムログンタイジチョウ"
"30424","30","和歌山県","東牟婁郡古座川町","ヒガシムログンコザガワチョウ"
"30427","30","和歌山県","東牟婁郡北山村","ヒガシムログンキタヤマムラ"
"30428","30","和歌山県","東牟婁郡串本町","ヒガシムログンクシモトチョウ"
"31201","31","鳥取県","鳥取市","トットリシ"
"31202","31","鳥取県","米子市","ヨナゴシ"
"31203","31","鳥取県","倉吉市","クラヨシシ"
"31204","31","鳥取県","境港市","サカイミナトシ"
"31302","31","鳥取県","岩美郡岩美町","イワミグンイワミチョウ"
"31325","31","鳥取県","八頭郡若桜町","ヤズグンワカサチョウ"
"31328","31","鳥取県","八頭郡智頭町","ヤズグンチヅチョウ"
"31329","31","鳥取県","八頭郡八頭町","ヤズグンヤズチョウ"
"31364","31","鳥取県","東伯郡三朝町","トウハクグンミササチョウ"
"31370","31","鳥取県","東伯郡湯梨浜町","トウハクグンユリハマチョウ"
"31371","31","鳥取県","東伯郡琴浦町","トウハクグンコトウラチョウ"
"31372","31","鳥取県","東伯郡北栄町","トウハクグンホクエイチョウ"
"31384","31","鳥取県","西伯郡日吉津村","サイハクグンヒエヅソン"
"31386","31","鳥取県","西伯郡大山町","サイハクグンダイセンチョウ"
"31389","31","鳥取県","西伯郡南部町","サイハクグンナンブチョウ"
"31390","31","鳥取県","西伯郡伯耆町","サイハクグンホウキチョウ"
"31401","31","鳥取県","日野郡日南町","ヒノグンニチナンチョウ"
"31402","31","鳥取県","日野郡日野町","ヒノグンヒノチョウ"
"31403","31","鳥取県","日野郡江府町","ヒノグンコウフチョウ"
"32201","32","島根県","松江市","マツエシ"
"32202","32","島根県","浜田市","ハマダシ"
"32203","32","島根県","出雲市","イズモシ"
"32204","32","島根県","益田市","マスダシ"
"32205","32","島根県","大田市","オオダシ"
"32206","32","島根県","安来市","ヤスギシ"
"32207","32","島根県","江津市","ゴウツシ"
"32209","32","島根県","雲南市","ウンナンシ"
"32304","32","島根県","八束郡東出雲町","ヤツカグンヒガシイズモチョウ"
"32343","32","島根県","仁多郡奥出雲町","ニタグンオクイズモチョウ"
"32386","32","島根県","飯石郡飯南町","イイシグンイイナンチョウ"
"32401","32","島根県","簸川郡斐川町","ヒカワグンヒカワチョウ"
"32441","32","島根県","邑智郡川本町","オオチグンカワモトマチ"
"32448","32","島根県","邑智郡美郷町","オオチグンミサトチョウ"
"32449","32","島根県","邑智郡邑南町","オオチグンオオナンチョウ"
"32501","32","島根県","鹿足郡津和野町","カノアシグンツワノチョウ"
"32505","32","島根県","鹿足郡吉賀町","カノアシグンヨシカチョウ"
"32525","32","島根県","隠岐郡海士町","オキグンアマチョウ"
"32526","32","島根県","隠岐郡西ノ島町","オキグンニシノシマチョウ"
"32527","32","島根県","隠岐郡知夫村","オキグンチブムラ"
"32528","32","島根県","隠岐郡隠岐の島町","オキグンオキノシマチョウ"
"33101","33","岡山県","岡山市北区","オカヤマシキタク"
"33102","33","岡山県","岡山市中区","オカヤマシナカク"
"33103","33","岡山県","岡山市東区","オカヤマシヒガシク"
"33104","33","岡山県","岡山市南区","オカヤマシミナミク"
"33202","33","岡山県","倉敷市","クラシキシ"
"33203","33","岡山県","津山市","ツヤマシ"
"33204","33","岡山県","玉野市","タマノシ"
"33205","33","岡山県","笠岡市","カサオカシ"
"33207","33","岡山県","井原市","イバラシ"
"33208","33","岡山県","総社市","ソウジャシ"
"33209","33","岡山県","高梁市","タカハシシ"
"33210","33","岡山県","新見市","ニイミシ"
"33211","33","岡山県","備前市","ビゼンシ"
"33212","33","岡山県","瀬戸内市","セトウチシ"
"33213","33","岡山県","赤磐市","アカイワシ"
"33214","33","岡山県","真庭市","マニワシ"
"33215","33","岡山県","美作市","ミマサカシ"
"33216","33","岡山県","浅口市","アサクチシ"
"33346","33","岡山県","和気郡和気町","ワケグンワケチョウ"
"33423","33","岡山県","都窪郡早島町","ツクボグンハヤシマチョウ"
"33445","33","岡山県","浅口郡里庄町","アサクチグンサトショウチョウ"
"33461","33","岡山県","小田郡矢掛町","オダグンヤカゲチョウ"
"33586","33","岡山県","真庭郡新庄村","マニワグンシンジョウソン"
"33606","33","岡山県","苫田郡鏡野町","トマタグンカガミノチョウ"
"33622","33","岡山県","勝田郡勝央町","カツタグンショウオウチョウ"
"33623","33","岡山県","勝田郡奈義町","カツタグンナギチョウ"
"33643","33","岡山県","英田郡西粟倉村","アイダグンニシアワクラソン"
"33663","33","岡山県","久米郡久米南町","クメグンクメナンチョウ"
"33666","33","岡山県","久米郡美咲町","クメグンミサキチョウ"
"33681","33","岡山県","加賀郡吉備中央町","カガグンキビチュウオウチョウ"
"34101","34","広島県","広島市中区","ヒロシマシナカク"
"34102","34","広島県","広島市東区","ヒロシマシヒガシク"
"34103","34","広島県","広島市南区","ヒロシマシミナミク"
"34104","34","広島県","広島市西区","ヒロシマシニシク"
"34105","34","広島県","広島市安佐南区","ヒロシマシアサミナミク"
"34106","34","広島県","広島市安佐北区","ヒロシマシアサキタク"
"34107","34","広島県","広島市安芸区","ヒロシマシアキク"
"34108","34","広島県","広島市佐伯区","ヒロシマシサエキク"
"34202","34","広島県","呉市","クレシ"
"34203","34","広島県","竹原市","タケハラシ"
"34204","34","広島県","三原市","ミハラシ"
"34205","34","広島県","尾道市","オノミチシ"
"34207","34","広島県","福山市","フクヤマシ"
"34208","34","広島県","府中市","フチュウシ"
"34209","34","広島県","三次市","ミヨシシ"
"34210","34","広島県","庄原市","ショウバラシ"
"34211","34","広島県","大竹市","オオタケシ"
"34212","34","広島県","東広島市","ヒガシヒロシマシ"
"34213","34","広島県","廿日市市","ハツカイチシ"
"34214","34","広島県","安芸高田市","アキタカタシ"
"34215","34","広島県","江田島市","エタジマシ"
"34302","34","広島県","安芸郡府中町","アキグンフチュウチョウ"
"34304","34","広島県","安芸郡海田町","アキグンカイタチョウ"
"34307","34","広島県","安芸郡熊野町","アキグンクマノチョウ"
"34309","34","広島県","安芸郡坂町","アキグンサカチョウ"
"34368","34","広島県","山県郡安芸太田町","ヤマガタグンアキオオタチョウ"
"34369","34","広島県","山県郡北広島町","ヤマガタグンキタヒロシマチョウ"
"34431","34","広島県","豊田郡大崎上島町","トヨタグンオオサキカミジマチョウ"
"34462","34","広島県","世羅郡世羅町","セラグンセラチョウ"
"34545","34","広島県","神石郡神石高原町","ジンセキグンジンセキコウゲンチョウ"
"35201","35","山口県","下関市","シモノセキシ"
"35202","35","山口県","宇部市","ウベシ"
"35203","35","山口県","山口市","ヤマグチシ"
"35204","35","山口県","萩市","ハギシ"
"35206","35","山口県","防府市","ホウフシ"
"35207","35","山口県","下松市","クダマツシ"
"35208","35","山口県","岩国市","イワクニシ"
"35210","35","山口県","光市","ヒカリシ"
"35211","35","山口県","長門市","ナガトシ"
"35212","35","山口県","柳井市","ヤナイシ"
"35213","35","山口県","美祢市","ミネシ"
"35215","35","山口県","周南市","シュウナンシ"
"35216","35","山口県","山陽小野田市","サンヨウオノダシ"
"35305","35","山口県","大島郡周防大島町","オオシマグンスオウオオシマチョウ"
"35321","35","山口県","玖珂郡和木町","クガグンワキチョウ"
"35341","35","山口県","熊毛郡上関町","クマゲグンカミノセキチョウ"
"35343","35","山口県","熊毛郡田布施町","クマゲグンタブセチョウ"
"35344","35","山口県","熊毛郡平生町","クマゲグンヒラオチョウ"
"35502","35","山口県","阿武郡阿武町","アブグンアブチョウ"
"35504","35","山口県","阿武郡阿東町","アブグンアトウチョウ"
"36201","36","徳島県","徳島市","トクシマシ"
"36202","36","徳島県","鳴門市","ナルトシ"
"36203","36","徳島県","小松島市","コマツシマシ"
"36204","36","徳島県","阿南市","アナンシ"
"36205","36","徳島県","吉野川市","ヨシノガワシ"
"36206","36","徳島県","阿波市","アワシ"
"36207","36","徳島県","美馬市","ミマシ"
"36208","36","徳島県","三好市","ミヨシシ"
"36301","36","徳島県","勝浦郡勝浦町","カツウラグンカツウラチョウ"
"36302","36","徳島県","勝浦郡上勝町","カツウラグンカミカツチョウ"
"36321","36","徳島県","名東郡佐那河内村","ミョウドウグンサナゴウチソン"
"36341","36","徳島県","名西郡石井町","ミョウザイグンイシイチョウ"
"36342","36","徳島県","名西郡神山町","ミョウザイグンカミヤマチョウ"
"36368","36","徳島県","那賀郡那賀町","ナカグンナカチョウ"
"36383","36","徳島県","海部郡牟岐町","カイフグンムギチョウ"
"36387","36","徳島県","海部郡美波町","カイフグンミナミチョウ"
"36388","36","徳島県","海部郡海陽町","カイフグンカイヨウチョウ"
"36401","36","徳島県","板野郡松茂町","イタノグンマツシゲチョウ"
"36402","36","徳島県","板野郡北島町","イタノグンキタジマチョウ"
"36403","36","徳島県","板野郡藍住町","イタノグンアイズミチョウ"
"36404","36","徳島県","板野郡板野町","イタノグンイタノチョウ"
"36405","36","徳島県","板野郡上板町","イタノグンカミイタチョウ"
"36468","36","徳島県","美馬郡つるぎ町","ミマグンツルギチョウ"
"36489","36","徳島県","三好郡東みよし町","ミヨシグンヒガシミヨシチョウ"
"37201","37","香川県","高松市","タカマツシ"
"37202","37","香川県","丸亀市","マルガメシ"
"37203","37","香川県","坂出市","サカイデシ"
"37204","37","香川県","善通寺市","ゼンツウジシ"
"37205","37","香川県","観音寺市","カンオンジシ"
"37206","37","香川県","さぬき市","サヌキシ"
"37207","37","香川県","東かがわ市","ヒガシカガワシ"
"37208","37","香川県","三豊市","ミトヨシ"
"37322","37","香川県","小豆郡土庄町","ショウズグントノショウチョウ"
"37324","37","香川県","小豆郡小豆島町","ショウズグンショウドシマチョウ"
"37341","37","香川県","木田郡三木町","キタグンミキチョウ"
"37364","37","香川県","香川郡直島町","カガワグンナオシマチョウ"
"37386","37","香川県","綾歌郡宇多津町","アヤウタグンウタヅチョウ"
"37387","37","香川県","綾歌郡綾川町","アヤウタグンアヤガワチョウ"
"37403","37","香川県","仲多度郡琴平町","ナカタドグンコトヒラチョウ"
"37404","37","香川県","仲多度郡多度津町","ナカタドグンタドツチョウ"
"37406","37","香川県","仲多度郡まんのう町","ナカタドグンマンノウチョウ"
"38201","38","愛媛県","松山市","マツヤマシ"
"38202","38","愛媛県","今治市","イマバリシ"
"38203","38","愛媛県","宇和島市","ウワジマシ"
"38204","38","愛媛県","八幡浜市","ヤワタハマシ"
"38205","38","愛媛県","新居浜市","ニイハマシ"
"38206","38","愛媛県","西条市","サイジョウシ"
"38207","38","愛媛県","大洲市","オオズシ"
"38210","38","愛媛県","伊予市","イヨシ"
"38213","38","愛媛県","四国中央市","シコクチュウオウシ"
"38214","38","愛媛県","西予市","セイヨシ"
"38215","38","愛媛県","東温市","トウオンシ"
"38356","38","愛媛県","越智郡上島町","オチグンカミジマチョウ"
"38386","38","愛媛県","上浮穴郡久万高原町","カミウケナグンクマコウゲンチョウ"
"38401","38","愛媛県","伊予郡松前町","イヨグンマサキチョウ"
"38402","38","愛媛県","伊予郡砥部町","イヨグントベチョウ"
"38422","38","愛媛県","喜多郡内子町","キタグンウチコチョウ"
"38442","38","愛媛県","西宇和郡伊方町","ニシウワグンイカタチョウ"
"38484","38","愛媛県","北宇和郡松野町","キタウワグンマツノチョウ"
"38488","38","愛媛県","北宇和郡鬼北町","キタウワグンキホクチョウ"
"38506","38","愛媛県","南宇和郡愛南町","ミナミウワグンアイナンチョウ"
"39201","39","高知県","高知市","コウチシ"
"39202","39","高知県","室戸市","ムロトシ"
"39203","39","高知県","安芸市","アキシ"
"39204","39","高知県","南国市","ナンコクシ"
"39205","39","高知県","土佐市","トサシ"
"39206","39","高知県","須崎市","スサキシ"
"39208","39","高知県","宿毛市","スクモシ"
"39209","39","高知県","土佐清水市","トサシミズシ"
"39210","39","高知県","四万十市","シマントシ"
"39211","39","高知県","香南市","コウナンシ"
"39212","39","高知県","香美市","カミシ"
"39301","39","高知県","安芸郡東洋町","アキグントウヨウチョウ"
"39302","39","高知県","安芸郡奈半利町","アキグンナハリチョウ"
"39303","39","高知県","安芸郡田野町","アキグンタノチョウ"
"39304","39","高知県","安芸郡安田町","アキグンヤスダチョウ"
"39305","39","高知県","安芸郡北川村","アキグンキタガワムラ"
"39306","39","高知県","安芸郡馬路村","アキグンウマジムラ"
"39307","39","高知県","安芸郡芸西村","アキグンゲイセイムラ"
"39341","39","高知県","長岡郡本山町","ナガオカグンモトヤマチョウ"
"39344","39","高知県","長岡郡大豊町","ナガオカグンオオトヨチョウ"
"39363","39","高知県","土佐郡土佐町","トサグントサチョウ"
"39364","39","高知県","土佐郡大川村","トサグンオオカワムラ"
"39386","39","高知県","吾川郡いの町","アガワグンイノチョウ"
"39387","39","高知県","吾川郡仁淀川町","アガワグンニヨドガワチョウ"
"39401","39","高知県","高岡郡中土佐町","タカオカグンナカトサチョウ"
"39402","39","高知県","高岡郡佐川町","タカオカグンサカワチョウ"
"39403","39","高知県","高岡郡越知町","タカオカグンオチチョウ"
"39405","39","高知県","高岡郡檮原町","タカオカグンユスハラチョウ"
"39410","39","高知県","高岡郡日高村","タカオカグンヒダカムラ"
"39411","39","高知県","高岡郡津野町","タカオカグンツノチョウ"
"39412","39","高知県","高岡郡四万十町","タカオカグンシマントチョウ"
"39424","39","高知県","幡多郡大月町","ハタグンオオツキチョウ"
"39427","39","高知県","幡多郡三原村","ハタグンミハラムラ"
"39428","39","高知県","幡多郡黒潮町","ハタグンクロシオチョウ"
"40101","40","福岡県","北九州市門司区","キタキュウシュウシモジク"
"40103","40","福岡県","北九州市若松区","キタキュウシュウシワカマツク"
"40105","40","福岡県","北九州市戸畑区","キタキュウシュウシトバタク"
"40106","40","福岡県","北九州市小倉北区","キタキュウシュウシコクラキタク"
"40107","40","福岡県","北九州市小倉南区","キタキュウシュウシコクラミナミク"
"40108","40","福岡県","北九州市八幡東区","キタキュウシュウシヤハタヒガシク"
"40109","40","福岡県","北九州市八幡西区","キタキュウシュウシヤハタニシク"
"40131","40","福岡県","福岡市東区","フクオカシヒガシク"
"40132","40","福岡県","福岡市博多区","フクオカシハカタク"
"40133","40","福岡県","福岡市中央区","フクオカシチュウオウク"
"40134","40","福岡県","福岡市南区","フクオカシミナミク"
"40135","40","福岡県","福岡市西区","フクオカシニシク"
"40136","40","福岡県","福岡市城南区","フクオカシジョウナンク"
"40137","40","福岡県","福岡市早良区","フクオカシサワラク"
"40202","40","福岡県","大牟田市","オオムタシ"
"40203","40","福岡県","久留米市","クルメシ"
"40204","40","福岡県","直方市","ノオガタシ"
"40205","40","福岡県","飯塚市","イイヅカシ"
"40206","40","福岡県","田川市","タガワシ"
"40207","40","福岡県","柳川市","ヤナガワシ"
"40210","40","福岡県","八女市","ヤメシ"
"40211","40","福岡県","筑後市","チクゴシ"
"40212","40","福岡県","大川市","オオカワシ"
"40213","40","福岡県","行橋市","ユクハシシ"
"40214","40","福岡県","豊前市","ブゼンシ"
"40215","40","福岡県","中間市","ナカマシ"
"40216","40","福岡県","小郡市","オゴオリシ"
"40217","40","福岡県","筑紫野市","チクシノシ"
"40218","40","福岡県","春日市","カスガシ"
"40219","40","福岡県","大野城市","オオノジョウシ"
"40220","40","福岡県","宗像市","ムナカタシ"
"40221","40","福岡県","太宰府市","ダザイフシ"
"40222","40","福岡県","前原市","マエバルシ"
"40223","40","福岡県","古賀市","コガシ"
"40224","40","福岡県","福津市","フクツシ"
"40225","40","福岡県","うきは市","ウキハシ"
"40226","40","福岡県","宮若市","ミヤワカシ"
"40227","40","福岡県","嘉麻市","カマシ"
"40228","40","福岡県","朝倉市","アサクラシ"
"40229","40","福岡県","みやま市","ミヤマシ"
"40305","40","福岡県","筑紫郡那珂川町","チクシグンナカガワマチ"
"40341","40","福岡県","糟屋郡宇美町","カスヤグンウミマチ"
"40342","40","福岡県","糟屋郡篠栗町","カスヤグンササグリマチ"
"40343","40","福岡県","糟屋郡志免町","カスヤグンシメマチ"
"40344","40","福岡県","糟屋郡須惠町","カスヤグンスエマチ"
"40345","40","福岡県","糟屋郡新宮町","カスヤグンシングウマチ"
"40348","40","福岡県","糟屋郡久山町","カスヤグンヒサヤママチ"
"40349","40","福岡県","糟屋郡粕屋町","カスヤグンカスヤマチ"
"40381","40","福岡県","遠賀郡芦屋町","オンガグンアシヤマチ"
"40382","40","福岡県","遠賀郡水巻町","オンガグンミズマキマチ"
"40383","40","福岡県","遠賀郡岡垣町","オンガグンオカガキマチ"
"40384","40","福岡県","遠賀郡遠賀町","オンガグンオンガチョウ"
"40401","40","福岡県","鞍手郡小竹町","クラテグンコタケマチ"
"40402","40","福岡県","鞍手郡鞍手町","クラテグンクラテマチ"
"40421","40","福岡県","嘉穂郡桂川町","カホグンケイセンマチ"
"40447","40","福岡県","朝倉郡筑前町","アサクラグンチクゼンマチ"
"40448","40","福岡県","朝倉郡東峰村","アサクラグントウホウムラ"
"40462","40","福岡県","糸島郡二丈町","イトシマグンニジョウマチ"
"40463","40","福岡県","糸島郡志摩町","イトシマグンシママチ"
"40503","40","福岡県","三井郡大刀洗町","ミイグンタチアライマチ"
"40522","40","福岡県","三潴郡大木町","ミズマグンオオキマチ"
"40541","40","福岡県","八女郡黒木町","ヤメグンクロギマチ"
"40543","40","福岡県","八女郡立花町","ヤメグンタチバナマチ"
"40544","40","福岡県","八女郡広川町","ヤメグンヒロカワマチ"
"40545","40","福岡県","八女郡矢部村","ヤメグンヤベムラ"
"40546","40","福岡県","八女郡星野村","ヤメグンホシノムラ"
"40601","40","福岡県","田川郡香春町","タガワグンカワラマチ"
"40602","40","福岡県","田川郡添田町","タガワグンソエダマチ"
"40604","40","福岡県","田川郡糸田町","タガワグンイトダマチ"
"40605","40","福岡県","田川郡川崎町","タガワグンカワサキマチ"
"40608","40","福岡県","田川郡大任町","タガワグンオオトウマチ"
"40609","40","福岡県","田川郡赤村","タガワグンアカムラ"
"40610","40","福岡県","田川郡福智町","タガワグンフクチマチ"
"40621","40","福岡県","京都郡苅田町","ミヤコグンカンダマチ"
"40625","40","福岡県","京都郡みやこ町","ミヤコグンミヤコマチ"
"40642","40","福岡県","築上郡吉富町","チクジョウグンヨシトミマチ"
"40646","40","福岡県","築上郡上毛町","チクジョウグンコウゲマチ"
"40647","40","福岡県","築上郡築上町","チクジョウグンチクジョウマチ"
"41201","41","佐賀県","佐賀市","サガシ"
"41202","41","佐賀県","唐津市","カラツシ"
"41203","41","佐賀県","鳥栖市","トスシ"
"41204","41","佐賀県","多久市","タクシ"
"41205","41","佐賀県","伊万里市","イマリシ"
"41206","41","佐賀県","武雄市","タケオシ"
"41207","41","佐賀県","鹿島市","カシマシ"
"41208","41","佐賀県","小城市","オギシ"
"41209","41","佐賀県","嬉野市","ウレシノシ"
"41210","41","佐賀県","神埼市","カンザキシ"
"41327","41","佐賀県","神埼郡吉野ヶ里町","カンザキグンヨシノガリチョウ"
"41341","41","佐賀県","三養基郡基山町","ミヤキグンキヤマチョウ"
"41345","41","佐賀県","三養基郡上峰町","ミヤキグンカミミネチョウ"
"41346","41","佐賀県","三養基郡みやき町","ミヤキグンミヤキチョウ"
"41387","41","佐賀県","東松浦郡玄海町","ヒガシマツウラグンゲンカイチョウ"
"41401","41","佐賀県","西松浦郡有田町","ニシマツウラグンアリタチョウ"
"41423","41","佐賀県","杵島郡大町町","キシマグンオオマチチョウ"
"41424","41","佐賀県","杵島郡江北町","キシマグンコウホクマチ"
"41425","41","佐賀県","杵島郡白石町","キシマグンシロイシチョウ"
"41441","41","佐賀県","藤津郡太良町","フジツグンタラチョウ"
"42201","42","長崎県","長崎市","ナガサキシ"
"42202","42","長崎県","佐世保市","サセボシ"
"42203","42","長崎県","島原市","シマバラシ"
"42204","42","長崎県","諫早市","イサハヤシ"
"42205","42","長崎県","大村市","オオムラシ"
"42207","42","長崎県","平戸市","ヒラドシ"
"42208","42","長崎県","松浦市","マツウラシ"
"42209","42","長崎県","対馬市","ツシマシ"
"42210","42","長崎県","壱岐市","イキシ"
"42211","42","長崎県","五島市","ゴトウシ"
"42212","42","長崎県","西海市","サイカイシ"
"42213","42","長崎県","雲仙市","ウンゼンシ"
"42214","42","長崎県","南島原市","ミナミシマバラシ"
"42307","42","長崎県","西彼杵郡長与町","ニシソノギグンナガヨチョウ"
"42308","42","長崎県","西彼杵郡時津町","ニシソノギグントギツチョウ"
"42321","42","長崎県","東彼杵郡東彼杵町","ヒガシソノギグンヒガシソノギチョウ"
"42322","42","長崎県","東彼杵郡川棚町","ヒガシソノギグンカワタナチョウ"
"42323","42","長崎県","東彼杵郡波佐見町","ヒガシソノギグンハサミチョウ"
"42383","42","長崎県","北松浦郡小値賀町","キタマツウラグンオヂカチョウ"
"42388","42","長崎県","北松浦郡江迎町","キタマツウラグンエムカエチョウ"
"42389","42","長崎県","北松浦郡鹿町町","キタマツウラグンシカマチチョウ"
"42391","42","長崎県","北松浦郡佐々町","キタマツウラグンサザチョウ"
"42411","42","長崎県","南松浦郡新上五島町","ミナミマツウラグンシンカミゴトウチョウ"
"43201","43","熊本県","熊本市","クマモトシ"
"43202","43","熊本県","八代市","ヤツシロシ"
"43203","43","熊本県","人吉市","ヒトヨシシ"
"43204","43","熊本県","荒尾市","アラオシ"
"43205","43","熊本県","水俣市","ミナマタシ"
"43206","43","熊本県","玉名市","タマナシ"
"43208","43","熊本県","山鹿市","ヤマガシ"
"43210","43","熊本県","菊池市","キクチシ"
"43211","43","熊本県","宇土市","ウトシ"
"43212","43","熊本県","上天草市","カミアマクサシ"
"43213","43","熊本県","宇城市","ウキシ"
"43214","43","熊本県","阿蘇市","アソシ"
"43215","43","熊本県","天草市","アマクサシ"
"43216","43","熊本県","合志市","コウシシ"
"43341","43","熊本県","下益城郡城南町","シモマシキグンジョウナンマチ"
"43348","43","熊本県","下益城郡美里町","シモマシキグンミサトマチ"
"43364","43","熊本県","玉名郡玉東町","タマナグンギョクトウマチ"
"43367","43","熊本県","玉名郡南関町","タマナグンナンカンマチ"
"43368","43","熊本県","玉名郡長洲町","タマナグンナガスマチ"
"43369","43","熊本県","玉名郡和水町","タマナグンナゴミマチ"
"43385","43","熊本県","鹿本郡植木町","カモトグンウエキマチ"
"43403","43","熊本県","菊池郡大津町","キクチグンオオヅマチ"
"43404","43","熊本県","菊池郡菊陽町","キクチグンキクヨウマチ"
"43423","43","熊本県","阿蘇郡南小国町","アソグンミナミオグニマチ"
"43424","43","熊本県","阿蘇郡小国町","アソグンオグニマチ"
"43425","43","熊本県","阿蘇郡産山村","アソグンウブヤマムラ"
"43428","43","熊本県","阿蘇郡高森町","アソグンタカモリマチ"
"43432","43","熊本県","阿蘇郡西原村","アソグンニシハラムラ"
"43433","43","熊本県","阿蘇郡南阿蘇村","アソグンミナミアソムラ"
"43441","43","熊本県","上益城郡御船町","カミマシキグンミフネマチ"
"43442","43","熊本県","上益城郡嘉島町","カミマシキグンカシママチ"
"43443","43","熊本県","上益城郡益城町","カミマシキグンマシキマチ"
"43444","43","熊本県","上益城郡甲佐町","カミマシキグンコウサマチ"
"43447","43","熊本県","上益城郡山都町","カミマシキグンヤマトチョウ"
"43468","43","熊本県","八代郡氷川町","ヤツシログンヒカワチョウ"
"43482","43","熊本県","葦北郡芦北町","アシキタグンアシキタマチ"
"43484","43","熊本県","葦北郡津奈木町","アシキタグンツナギマチ"
"43501","43","熊本県","球磨郡錦町","クマグンニシキマチ"
"43505","43","熊本県","球磨郡多良木町","クマグンタラギマチ"
"43506","43","熊本県","球磨郡湯前町","クマグンユノマエマチ"
"43507","43","熊本県","球磨郡水上村","クマグンミズカミムラ"
"43510","43","熊本県","球磨郡相良村","クマグンサガラムラ"
"43511","43","熊本県","球磨郡五木村","クマグンイツキムラ"
"43512","43","熊本県","球磨郡山江村","クマグンヤマエムラ"
"43513","43","熊本県","球磨郡球磨村","クマグンクマムラ"
"43514","43","熊本県","球磨郡あさぎり町","クマグンアサギリチョウ"
"43531","43","熊本県","天草郡苓北町","アマクサグンレイホクマチ"
"44201","44","大分県","大分市","オオイタシ"
"44202","44","大分県","別府市","ベップシ"
"44203","44","大分県","中津市","ナカツシ"
"44204","44","大分県","日田市","ヒタシ"
"44205","44","大分県","佐伯市","サイキシ"
"44206","44","大分県","臼杵市","ウスキシ"
"44207","44","大分県","津久見市","ツクミシ"
"44208","44","大分県","竹田市","タケタシ"
"44209","44","大分県","豊後高田市","ブンゴタカダシ"
"44210","44","大分県","杵築市","キツキシ"
"44211","44","大分県","宇佐市","ウサシ"
"44212","44","大分県","豊後大野市","ブンゴオオノシ"
"44213","44","大分県","由布市","ユフシ"
"44214","44","大分県","国東市","クニサキシ"
"44322","44","大分県","東国東郡姫島村","ヒガシクニサキグンヒメシマムラ"
"44341","44","大分県","速見郡日出町","ハヤミグンヒジマチ"
"44461","44","大分県","玖珠郡九重町","クスグンココノエマチ"
"44462","44","大分県","玖珠郡玖珠町","クスグンクスマチ"
"45201","45","宮崎県","宮崎市","ミヤザキシ"
"45202","45","宮崎県","都城市","ミヤコノジョウシ"
"45203","45","宮崎県","延岡市","ノベオカシ"
"45204","45","宮崎県","日南市","ニチナンシ"
"45205","45","宮崎県","小林市","コバヤシシ"
"45206","45","宮崎県","日向市","ヒュウガシ"
"45207","45","宮崎県","串間市","クシマシ"
"45208","45","宮崎県","西都市","サイトシ"
"45209","45","宮崎県","えびの市","エビノシ"
"45301","45","宮崎県","宮崎郡清武町","ミヤザキグンキヨタケチョウ"
"45341","45","宮崎県","北諸県郡三股町","キタモロカタグンミマタチョウ"
"45361","45","宮崎県","西諸県郡高原町","ニシモロカタグンタカハルチョウ"
"45362","45","宮崎県","西諸県郡野尻町","ニシモロカタグンノジリチョウ"
"45382","45","宮崎県","東諸県郡国富町","ヒガシモロカタグンクニトミチョウ"
"45383","45","宮崎県","東諸県郡綾町","ヒガシモロカタグンアヤチョウ"
"45401","45","宮崎県","児湯郡高鍋町","コユグンタカナベチョウ"
"45402","45","宮崎県","児湯郡新富町","コユグンシントミチョウ"
"45403","45","宮崎県","児湯郡西米良村","コユグンニシメラソン"
"45404","45","宮崎県","児湯郡木城町","コユグンキジョウチョウ"
"45405","45","宮崎県","児湯郡川南町","コユグンカワミナミチョウ"
"45406","45","宮崎県","児湯郡都農町","コユグンツノチョウ"
"45421","45","宮崎県","東臼杵郡門川町","ヒガシウスキグンカドガワチョウ"
"45429","45","宮崎県","東臼杵郡諸塚村","ヒガシウスキグンモロツカソン"
"45430","45","宮崎県","東臼杵郡椎葉村","ヒガシウスキグンシイバソン"
"45431","45","宮崎県","東臼杵郡美郷町","ヒガシウスキグンミサトチョウ"
"45441","45","宮崎県","西臼杵郡高千穂町","ニシウスキグンタカチホチョウ"
"45442","45","宮崎県","西臼杵郡日之影町","ニシウスキグンヒノカゲチョウ"
"45443","45","宮崎県","西臼杵郡五ヶ瀬町","ニシウスキグンゴカセチョウ"
"46201","46","鹿児島県","鹿児島市","カゴシマシ"
"46203","46","鹿児島県","鹿屋市","カノヤシ"
"46204","46","鹿児島県","枕崎市","マクラザキシ"
"46206","46","鹿児島県","阿久根市","アクネシ"
"46208","46","鹿児島県","出水市","イズミシ"
"46210","46","鹿児島県","指宿市","イブスキシ"
"46213","46","鹿児島県","西之表市","ニシノオモテシ"
"46214","46","鹿児島県","垂水市","タルミズシ"
"46215","46","鹿児島県","薩摩川内市","サツマセンダイシ"
"46216","46","鹿児島県","日置市","ヒオキシ"
"46217","46","鹿児島県","曽於市","ソオシ"
"46218","46","鹿児島県","霧島市","キリシマシ"
"46219","46","鹿児島県","いちき串木野市","イチキクシキノシ"
"46220","46","鹿児島県","南さつま市","ミナミサツマシ"
"46221","46","鹿児島県","志布志市","シブシシ"
"46222","46","鹿児島県","奄美市","アマミシ"
"46223","46","鹿児島県","南九州市","ミナミキュウシュウシ"
"46224","46","鹿児島県","伊佐市","イサシ"
"46303","46","鹿児島県","鹿児島郡三島村","カゴシマグンミシマムラ"
"46304","46","鹿児島県","鹿児島郡十島村","カゴシマグントシマムラ"
"46392","46","鹿児島県","薩摩郡さつま町","サツマグンサツマチョウ"
"46404","46","鹿児島県","出水郡長島町","イズミグンナガシマチョウ"
"46441","46","鹿児島県","姶良郡加治木町","アイラグンカジキチョウ"
"46442","46","鹿児島県","姶良郡姶良町","アイラグンアイラチョウ"
"46443","46","鹿児島県","姶良郡蒲生町","アイラグンカモウチョウ"
"46452","46","鹿児島県","姶良郡湧水町","アイラグンユウスイチョウ"
"46468","46","鹿児島県","曽於郡大崎町","ソオグンオオサキチョウ"
"46482","46","鹿児島県","肝属郡東串良町","キモツキグンヒガシクシラチョウ"
"46490","46","鹿児島県","肝属郡錦江町","キモツキグンキンコウチョウ"
"46491","46","鹿児島県","肝属郡南大隅町","キモツキグンミナミオオスミチョウ"
"46492","46","鹿児島県","肝属郡肝付町","キモツキグンキモツキチョウ"
"46501","46","鹿児島県","熊毛郡中種子町","クマゲグンナカタネチョウ"
"46502","46","鹿児島県","熊毛郡南種子町","クマゲグンミナミタネチョウ"
"46505","46","鹿児島県","熊毛郡屋久島町","クマゲグンヤクシマチョウ"
"46523","46","鹿児島県","大島郡大和村","オオシマグンヤマトソン"
"46524","46","鹿児島県","大島郡宇検村","オオシマグンウケンソン"
"46525","46","鹿児島県","大島郡瀬戸内町","オオシマグンセトウチチョウ"
"46527","46","鹿児島県","大島郡龍郷町","オオシマグンタツゴウチョウ"
"46529","46","鹿児島県","大島郡喜界町","オオシマグンキカイチョウ"
"46530","46","鹿児島県","大島郡徳之島町","オオシマグントクノシマチョウ"
"46531","46","鹿児島県","大島郡天城町","オオシマグンアマギチョウ"
"46532","46","鹿児島県","大島郡伊仙町","オオシマグンイセンチョウ"
"46533","46","鹿児島県","大島郡和泊町","オオシマグンワドマリチョウ"
"46534","46","鹿児島県","大島郡知名町","オオシマグンチナチョウ"
"46535","46","鹿児島県","大島郡与論町","オオシマグンヨロンチョウ"
"47201","47","沖縄県","那覇市","ナハシ"
"47205","47","沖縄県","宜野湾市","ギノワンシ"
"47207","47","沖縄県","石垣市","イシガキシ"
"47208","47","沖縄県","浦添市","ウラソエシ"
"47209","47","沖縄県","名護市","ナゴシ"
"47210","47","沖縄県","糸満市","イトマンシ"
"47211","47","沖縄県","沖縄市","オキナワシ"
"47212","47","沖縄県","豊見城市","トミグスクシ"
"47213","47","沖縄県","うるま市","ウルマシ"
"47214","47","沖縄県","宮古島市","ミヤコジマシ"
"47215","47","沖縄県","南城市","ナンジョウシ"
"47301","47","沖縄県","国頭郡国頭村","クニガミグンクニガミソン"
"47302","47","沖縄県","国頭郡大宜味村","クニガミグンオオギミソン"
"47303","47","沖縄県","国頭郡東村","クニガミグンヒガシソン"
"47306","47","沖縄県","国頭郡今帰仁村","クニガミグンナキジンソン"
"47308","47","沖縄県","国頭郡本部町","クニガミグンモトブチョウ"
"47311","47","沖縄県","国頭郡恩納村","クニガミグンオンナソン"
"47313","47","沖縄県","国頭郡宜野座村","クニガミグンギノザソン"
"47314","47","沖縄県","国頭郡金武町","クニガミグンキンチョウ"
"47315","47","沖縄県","国頭郡伊江村","クニガミグンイエソン"
"47324","47","沖縄県","中頭郡読谷村","ナカガミグンヨミタンソン"
"47325","47","沖縄県","中頭郡嘉手納町","ナカガミグンカデナチョウ"
"47326","47","沖縄県","中頭郡北谷町","ナカガミグンチャタンチョウ"
"47327","47","沖縄県","中頭郡北中城村","ナカガミグンキタナカグスクソン"
"47328","47","沖縄県","中頭郡中城村","ナカガミグンナカグスクソン"
"47329","47","沖縄県","中頭郡西原町","ナカガミグンニシハラチョウ"
"47348","47","沖縄県","島尻郡与那原町","シマジリグンヨナバルチョウ"
"47350","47","沖縄県","島尻郡南風原町","シマジリグンハエバルチョウ"
"47353","47","沖縄県","島尻郡渡嘉敷村","シマジリグントカシキソン"
"47354","47","沖縄県","島尻郡座間味村","シマジリグンザマミソン"
"47355","47","沖縄県","島尻郡粟国村","シマジリグンアグニソン"
"47356","47","沖縄県","島尻郡渡名喜村","シマジリグントナキソン"
"47357","47","沖縄県","島尻郡南大東村","シマジリグンミナミダイトウソン"
"47358","47","沖縄県","島尻郡北大東村","シマジリグンキタダイトウソン"
"47359","47","沖縄県","島尻郡伊平屋村","シマジリグンイヘヤソン"
"47360","47","沖縄県","島尻郡伊是名村","シマジリグンイゼナソン"
"47361","47","沖縄県","島尻郡久米島町","シマジリグンクメジマチョウ"
"47362","47","沖縄県","島尻郡八重瀬町","シマジリグンヤエセチョウ"
"47375","47","沖縄県","宮古郡多良間村","ミヤコグンタラマソン"
"47381","47","沖縄県","八重山郡竹富町","ヤエヤマグンタケトミチョウ"
"47382","47","沖縄県","八重山郡与那国町","ヤエヤマグンヨナグニチョウ"
